uuid,sku,variety,title,price,in_stock,link,category,tags,image_url,image_path,split,cleaned_strings,length_cm,length_inches,gender,breeder,tags_list
87e22e,9689837273400,"A: 14"" (36cm) Female Showa [Isa]","A: 14"" (36cm) Female Showa [Isa] — 2025WINTER-012",450.0,False,https://www.champkoi.com/products/2025winter-012,Group_Koi,['Showa'],https://cdn.shopify.com/s/files/1/0749/6132/2296/files/2025WINTER-012_600x_89d42e80-4415-4004-a91d-310bbd9db6ea.jpg?v=1736538283,champkoi_data/87e22e_A_14_(36cm)_Female_Showa_[Isa]_—_2025WINTER-012.jpg,"['A:', '14""', '(36cm)', 'Female', 'Showa', '[Isa]', '—', '2025WINTER-012']","['14""', '(36cm)', 'Female', 'Showa', '[Isa]', '2025WINTER-012']",36cm,"14""",Female,Isa,['Showa']
188b5a,9689846350136,"A: 14"" (36cm) Male Showa [Isa]","A: 14"" (36cm) Male Showa [Isa] — 2025WINTER-014",450.0,True,https://www.champkoi.com/products/2025winter-014,Group_Koi,['Showa'],https://cdn.shopify.com/s/files/1/0749/6132/2296/files/2025WINTER-014_600x_0057d35a-d656-433c-b110-c40df79132e1.jpg?v=1736538433,champkoi_data/188b5a_A_14_(36cm)_Male_Showa_[Isa]_—_2025WINTER-014.jpg,"['A:', '14""', '(36cm)', 'Male', 'Showa', '[Isa]', '—', '2025WINTER-014']","['14""', '(36cm)', 'Male', 'Showa', '[Isa]', '2025WINTER-014']",36cm,"14""",Male,Isa,['Showa']
911317,9689850118456,"A: 13"" (33cm) Male Showa [Isa]","A: 13"" (33cm) Male Showa [Isa] — 2025WINTER-015",450.0,True,https://www.champkoi.com/products/2025winter-015,Group_Koi,['Showa'],https://cdn.shopify.com/s/files/1/0749/6132/2296/files/2025WINTER-015_600x_39812567-4548-4e5b-b032-c9284dffc353.jpg?v=1736538497,champkoi_data/911317_A_13_(33cm)_Male_Showa_[Isa]_—_2025WINTER-015.jpg,"['A:', '13""', '(33cm)', 'Male', 'Showa', '[Isa]', '—', '2025WINTER-015']","['13""', '(33cm)', 'Male', 'Showa', '[Isa]', '2025WINTER-015']",33cm,"13""",Male,Isa,['Showa']
dd27e7,9689853329720,"A: 14"" (36cm) Female Showa [Isa]","A: 14"" (36cm) Female Showa [Isa] — 2025WINTER-016",450.0,False,https://www.champkoi.com/products/2025winter-016,Group_Koi,['Showa'],https://cdn.shopify.com/s/files/1/0749/6132/2296/files/2025WINTER-016_600x_d970732b-bce2-421d-bce7-73e36e7acfe3.jpg?v=1736538556,champkoi_data/dd27e7_A_14_(36cm)_Female_Showa_[Isa]_—_2025WINTER-016.jpg,"['A:', '14""', '(36cm)', 'Female', 'Showa', '[Isa]', '—', '2025WINTER-016']","['14""', '(36cm)', 'Female', 'Showa', '[Isa]', '2025WINTER-016']",36cm,"14""",Female,Isa,['Showa']
de2cb4,9689970475320,"A: 14"" (36cm) Male Kohaku [Marusaka]","A: 14"" (36cm) Male Kohaku [Marusaka] — 2025WINTER-017",450.0,False,https://www.champkoi.com/products/2025winter-017,Group_Koi,"['Kohaku', 'Shiro Utsuri', 'Shusui']",https://cdn.shopify.com/s/files/1/0749/6132/2296/files/2025WINTER-017_600x_78d134b8-40a6-4213-9d00-e1eb7d15ab9b.jpg?v=1736540653,champkoi_data/de2cb4_A_14_(36cm)_Male_Kohaku_[Marusaka]_—_2025WINTER-017.jpg,"['A:', '14""', '(36cm)', 'Male', 'Kohaku', '[Marusaka]', '—', '2025WINTER-017']","['14""', '(36cm)', 'Male', 'Kohaku', '[Marusaka]', '2025WINTER-017']",36cm,"14""",Male,Marusaka,"['Kohaku', 'Shiro Utsuri', 'Shusui']"
14bfe4,9689977225528,"A: 13"" (33cm) Male Beni Kikokuryu [Marusaka]","A: 13"" (33cm) Male Beni Kikokuryu [Marusaka] — 2025WINTER-018",450.0,False,https://www.champkoi.com/products/2025winter-018,Group_Koi,"['Beni Kikokuryu', 'Ginrin Hariwake', 'Yamabuki']",https://cdn.shopify.com/s/files/1/0749/6132/2296/files/2025WINTER-018_600x_2b99a09c-666e-4ab8-9fb1-afd16eab43dd.jpg?v=1736540779,champkoi_data/14bfe4_A_13_(33cm)_Male_Beni_Kikokuryu_[Marusaka]_—_2025WINTER-018.jpg,"['A:', '13""', '(33cm)', 'Male', 'Beni', 'Kikokuryu', '[Marusaka]', '—', '2025WINTER-018']","['13""', '(33cm)', 'Male', 'Beni', 'Kikokuryu', '[Marusaka]', '2025WINTER-018']",33cm,"13""",Male,Marusaka,"['Beni Kikokuryu', 'Ginrin Hariwake', 'Yamabuki']"
a693e1,9689983418680,"A: 13"" (33cm) Female Golden Corn [Taniguchi]","A: 13"" (33cm) Female Golden Corn [Taniguchi] — 2025WINTER-019",450.0,False,https://www.champkoi.com/products/2025winter-019,Group_Koi,"['Beni Kikokuryu', 'Doitsu Showa', 'Golden Corn']",https://cdn.shopify.com/s/files/1/0749/6132/2296/files/2025WINTER-019_600x_364ea50c-e7d6-48e4-85cc-f0b20b2bd343.jpg?v=1736540894,champkoi_data/a693e1_A_13_(33cm)_Female_Golden_Corn_[Taniguchi]_—_2025WINTER-019.jpg,"['A:', '13""', '(33cm)', 'Female', 'Golden', 'Corn', '[Taniguchi]', '—', '2025WINTER-019']","['13""', '(33cm)', 'Female', 'Golden', 'Corn', '[Taniguchi]', '2025WINTER-019']",33cm,"13""",Female,Taniguchi,"['Beni Kikokuryu', 'Doitsu Showa', 'Golden Corn']"
a7584e,9690037780792,"A: 14"" (36cm) Male Doitsu Showa [Marusaka]","A: 14"" (36cm) Male Doitsu Showa [Marusaka] — 2025WINTER-021",450.0,False,https://www.champkoi.com/products/2025winter-021,Group_Koi,"['Doitsu Hariwake', 'Doitsu Showa', 'Ginrin Hariwake']",https://cdn.shopify.com/s/files/1/0749/6132/2296/files/2025WINTER-021_600x_c9d32397-6380-4192-a844-4a2f2ff13363.jpg?v=1736541961,champkoi_data/a7584e_A_14_(36cm)_Male_Doitsu_Showa_[Marusaka]_—_2025WINTER-021.jpg,"['A:', '14""', '(36cm)', 'Male', 'Doitsu', 'Showa', '[Marusaka]', '—', '2025WINTER-021']","['14""', '(36cm)', 'Male', 'Doitsu', 'Showa', '[Marusaka]', '2025WINTER-021']",36cm,"14""",Male,Marusaka,"['Doitsu Hariwake', 'Doitsu Showa', 'Ginrin Hariwake']"
9e58fa,9690063438136,"A: 15"" (38cm) Female Hi Utsuri [Maruhiro]","A: 15"" (38cm) Female Hi Utsuri [Maruhiro] — 2025WINTER-022",450.0,True,https://www.champkoi.com/products/2025winter-022,Group_Koi,"['Ginrin Chagoi', 'Hi Utsuri', 'Kikokuryu', 'Showa']",https://cdn.shopify.com/s/files/1/0749/6132/2296/files/2025WINTER-022_600x_d8363ab6-7a23-46ec-9dc5-a1b13bbf6987.jpg?v=1736542473,champkoi_data/9e58fa_A_15_(38cm)_Female_Hi_Utsuri_[Maruhiro]_—_2025WINTER-022.jpg,"['A:', '15""', '(38cm)', 'Female', 'Hi', 'Utsuri', '[Maruhiro]', '—', '2025WINTER-022']","['15""', '(38cm)', 'Female', 'Hi', 'Utsuri', '[Maruhiro]', '2025WINTER-022']",38cm,"15""",Female,Maruhiro,"['Ginrin Chagoi', 'Hi Utsuri', 'Kikokuryu', 'Showa']"
228287,9690077430072,"A: 14-15"" (36-38cm) Karasugoi [Marusho]","A: 14-15"" (36-38cm) Karasugoi [Marusho] — 2025WINTER-024",450.0,False,https://www.champkoi.com/products/2025winter-024,Group_Koi,['Karasugoi'],https://cdn.shopify.com/s/files/1/0749/6132/2296/files/2025WINTER-024_600x_c6816d15-5462-422c-8b04-7335e5a58f45.jpg?v=1736542748,champkoi_data/228287_A_14-15_(36-38cm)_Karasugoi_[Marusho]_—_2025WINTER-024.jpg,"['A:', '14-15""', '(36-38cm)', 'Karasugoi', '[Marusho]', '—', '2025WINTER-024']","['14-15""', '(36-38cm)', 'Karasugoi', '[Marusho]', '2025WINTER-024']",36-38cm,"14-15""",,Marusho,['Karasugoi']
338341,9689732579640,"A: 14"" (36cm) Female Kin Showa [Takatatsu]","A: 14"" (36cm) Female Kin Showa [Takatatsu] — 2025WINTER-001",600.0,True,https://www.champkoi.com/products/2025winter-001,Group_Koi,"['Aragoke', 'Kin Showa']",https://cdn.shopify.com/s/files/1/0749/6132/2296/files/2025WINTER-001_600x_066cdfb6-4757-44f3-8c08-9d57945cf3b8.jpg?v=1736536515,champkoi_data/338341_A_14_(36cm)_Female_Kin_Showa_[Takatatsu]_—_2025WINTER-001.jpg,"['A:', '14""', '(36cm)', 'Female', 'Kin', 'Showa', '[Takatatsu]', '—', '2025WINTER-001']","['14""', '(36cm)', 'Female', 'Kin', 'Showa', '[Takatatsu]', '2025WINTER-001']",36cm,"14""",Female,Takatatsu,"['Aragoke', 'Kin Showa']"
78df39,9689749619000,"A: 15"" (38cm) Male Aragoke [Takatatsu]","A: 15"" (38cm) Male Aragoke [Takatatsu] — 2025WINTER-002",600.0,False,https://www.champkoi.com/products/2025winter-002,Group_Koi,"['Aragoke', 'Doitsu Showa']",https://cdn.shopify.com/s/files/1/0749/6132/2296/files/2025WINTER-002_600x_9d58b463-e006-4e7b-b03e-f6a9961fddd4.jpg?v=1736536822,champkoi_data/78df39_A_15_(38cm)_Male_Aragoke_[Takatatsu]_—_2025WINTER-002.jpg,"['A:', '15""', '(38cm)', 'Male', 'Aragoke', '[Takatatsu]', '—', '2025WINTER-002']","['15""', '(38cm)', 'Male', 'Aragoke', '[Takatatsu]', '2025WINTER-002']",38cm,"15""",Male,Takatatsu,"['Aragoke', 'Doitsu Showa']"
e97307,9689767248184,"A: 17"" (43cm) Male Ginrin Matsukawabake [Kaneko]","A: 17"" (43cm) Male Ginrin Matsukawabake [Kaneko] — 2025WINTER-004",600.0,True,https://www.champkoi.com/products/2025winter-004,Group_Koi,"['Ginrin Matsukawabake', 'Kujaku', 'Tancho Showa']",https://cdn.shopify.com/s/files/1/0749/6132/2296/files/2025WINTER-004_600x_a547c1fb-ea45-4a28-9847-d0b1d049c710.jpg?v=1736537124,champkoi_data/e97307_A_17_(43cm)_Male_Ginrin_Matsukawabake_[Kaneko]_—_2025WINTER-004.jpg,"['A:', '17""', '(43cm)', 'Male', 'Ginrin', 'Matsukawabake', '[Kaneko]', '—', '2025WINTER-004']","['17""', '(43cm)', 'Male', 'Ginrin', 'Matsukawabake', '[Kaneko]', '2025WINTER-004']",43cm,"17""",Male,Kaneko,"['Ginrin Matsukawabake', 'Kujaku', 'Tancho Showa']"
3f1171,9689783796024,"A: 16"" (41cm) Male Ginrin Matsukawabake [Kaneko]","A: 16"" (41cm) Male Ginrin Matsukawabake [Kaneko] — 2025WINTER-005",600.0,True,https://www.champkoi.com/products/2025winter-005,Group_Koi,"['Doitsu Kujaku', 'Ginrin Matsukawabake', 'Kujaku']",https://cdn.shopify.com/s/files/1/0749/6132/2296/files/2025WINTER-005_600x_3d316380-1188-4125-a4c4-da76b46eda23.jpg?v=1736537402,champkoi_data/3f1171_A_16_(41cm)_Male_Ginrin_Matsukawabake_[Kaneko]_—_2025WINTER-005.jpg,"['A:', '16""', '(41cm)', 'Male', 'Ginrin', 'Matsukawabake', '[Kaneko]', '—', '2025WINTER-005']","['16""', '(41cm)', 'Male', 'Ginrin', 'Matsukawabake', '[Kaneko]', '2025WINTER-005']",41cm,"16""",Male,Kaneko,"['Doitsu Kujaku', 'Ginrin Matsukawabake', 'Kujaku']"
a5a7a0,9689796247864,"A: 15"" (38cm) Female Kujaku [Kaneko]","A: 15"" (38cm) Female Kujaku [Kaneko] — 2025WINTER-006",600.0,True,https://www.champkoi.com/products/2025winter-006,Group_Koi,"['Chagoi', 'Doitsu Kujaku', 'Kujaku', 'Tancho Kujaku']",https://cdn.shopify.com/s/files/1/0749/6132/2296/files/2025WINTER-006_600x_84484c8a-fc55-4a6c-957a-4e0795adaeec.jpg?v=1736537615,champkoi_data/a5a7a0_A_15_(38cm)_Female_Kujaku_[Kaneko]_—_2025WINTER-006.jpg,"['A:', '15""', '(38cm)', 'Female', 'Kujaku', '[Kaneko]', '—', '2025WINTER-006']","['15""', '(38cm)', 'Female', 'Kujaku', '[Kaneko]', '2025WINTER-006']",38cm,"15""",Female,Kaneko,"['Chagoi', 'Doitsu Kujaku', 'Kujaku', 'Tancho Kujaku']"
5cb423,9689802604856,"A: 16"" (41cm) Female Ayawakaba [Marusaka]","A: 16"" (41cm) Female Ayawakaba [Marusaka] — 2025WINTER-007",600.0,True,https://www.champkoi.com/products/2025winter-007,Group_Koi,['Ayawakaba'],https://cdn.shopify.com/s/files/1/0749/6132/2296/files/2025WINTER-007_600x_f514f79a-4eef-478c-83e6-70e29eb85fbd.jpg?v=1736537718,champkoi_data/5cb423_A_16_(41cm)_Female_Ayawakaba_[Marusaka]_—_2025WINTER-007.jpg,"['A:', '16""', '(41cm)', 'Female', 'Ayawakaba', '[Marusaka]', '—', '2025WINTER-007']","['16""', '(41cm)', 'Female', 'Ayawakaba', '[Marusaka]', '2025WINTER-007']",41cm,"16""",Female,Marusaka,['Ayawakaba']
014276,9689808240952,"A: 15"" (38cm) Male Ayawakaba [Marusaka]","A: 15"" (38cm) Male Ayawakaba [Marusaka] — 2025WINTER-008",600.0,False,https://www.champkoi.com/products/2025winter-008,Group_Koi,['Ayawakaba'],https://cdn.shopify.com/s/files/1/0749/6132/2296/files/2025WINTER-008_600x_59546803-cab3-4490-a587-28c47830af3c.jpg?v=1736537811,champkoi_data/014276_A_15_(38cm)_Male_Ayawakaba_[Marusaka]_—_2025WINTER-008.jpg,"['A:', '15""', '(38cm)', 'Male', 'Ayawakaba', '[Marusaka]', '—', '2025WINTER-008']","['15""', '(38cm)', 'Male', 'Ayawakaba', '[Marusaka]', '2025WINTER-008']",38cm,"15""",Male,Marusaka,['Ayawakaba']
20d639,9689827180856,"A: 16"" (41cm) Male Ginrin Tancho Goshike [Hiroi]","A: 16"" (41cm) Male Ginrin Tancho Goshike [Hiroi] — 2025WINTER-010",600.0,False,https://www.champkoi.com/products/2025winter-010,Group_Koi,"['Doitsu Kohaku', 'Ginrin Tancho Goshike', 'Platinum Ogon']",https://cdn.shopify.com/s/files/1/0749/6132/2296/files/2025WINTER-010_600x_c69facdf-57c0-4cce-9e2b-34933eee3771.jpg?v=1736538114,champkoi_data/20d639_A_16_(41cm)_Male_Ginrin_Tancho_Goshike_[Hiroi]_—_2025WINTER-010.jpg,"['A:', '16""', '(41cm)', 'Male', 'Ginrin', 'Tancho', 'Goshike', '[Hiroi]', '—', '2025WINTER-010']","['16""', '(41cm)', 'Male', 'Ginrin', 'Tancho', 'Goshike', '[Hiroi]', '2025WINTER-010']",41cm,"16""",Male,Hiroi,"['Doitsu Kohaku', 'Ginrin Tancho Goshike', 'Platinum Ogon']"
672661,9689832980792,"A: 17"" (43cm) Female Doitsu Benigoi [Hosokai]","A: 17"" (43cm) Female Doitsu Benigoi [Hosokai] — 2025WINTER-011",600.0,False,https://www.champkoi.com/products/2025winter-011,Group_Koi,"['Doitsu Benigoi', 'Kujaku']",https://cdn.shopify.com/s/files/1/0749/6132/2296/files/2025WINTER-011_600x_2a32352e-12d7-4765-b761-2af36814ee40.jpg?v=1736538213,champkoi_data/672661_A_17_(43cm)_Female_Doitsu_Benigoi_[Hosokai]_—_2025WINTER-011.jpg,"['A:', '17""', '(43cm)', 'Female', 'Doitsu', 'Benigoi', '[Hosokai]', '—', '2025WINTER-011']","['17""', '(43cm)', 'Female', 'Doitsu', 'Benigoi', '[Hosokai]', '2025WINTER-011']",43cm,"17""",Female,Hosokai,"['Doitsu Benigoi', 'Kujaku']"
e64029,9690110591288,"A: 16"" (41cm) Female Doitsu Showa [Maruhiro]","A: 16"" (41cm) Female Doitsu Showa [Maruhiro] — 2025WINTER-030",600.0,True,https://www.champkoi.com/products/2025winter-030,Group_Koi,"['Doitsu Karashi', 'Doitsu Showa', 'Ginrin Hi Utsuri', 'Shusui']",https://cdn.shopify.com/s/files/1/0749/6132/2296/files/2025WINTER-030_600x_e047b757-f82f-428e-9e0c-43c4bbc24812.jpg?v=1736543406,champkoi_data/e64029_A_16_(41cm)_Female_Doitsu_Showa_[Maruhiro]_—_2025WINTER-030.jpg,"['A:', '16""', '(41cm)', 'Female', 'Doitsu', 'Showa', '[Maruhiro]', '—', '2025WINTER-030']","['16""', '(41cm)', 'Female', 'Doitsu', 'Showa', '[Maruhiro]', '2025WINTER-030']",41cm,"16""",Female,Maruhiro,"['Doitsu Karashi', 'Doitsu Showa', 'Ginrin Hi Utsuri', 'Shusui']"
b37f3f,9690114097464,"A: 16"" (41cm) Female Shusui [Maruhiro]","A: 16"" (41cm) Female Shusui [Maruhiro] — 2025WINTER-031",600.0,True,https://www.champkoi.com/products/2025winter-031,Group_Koi,"['Doisu Shiro Utsuri', 'Ki Usturi', 'Kujaku', 'Shusui']",https://cdn.shopify.com/s/files/1/0749/6132/2296/files/2025WINTER-031_600x_304a5663-f953-4429-989f-4f9cd916d491.jpg?v=1736543465,champkoi_data/b37f3f_A_16_(41cm)_Female_Shusui_[Maruhiro]_—_2025WINTER-031.jpg,"['A:', '16""', '(41cm)', 'Female', 'Shusui', '[Maruhiro]', '—', '2025WINTER-031']","['16""', '(41cm)', 'Female', 'Shusui', '[Maruhiro]', '2025WINTER-031']",41cm,"16""",Female,Maruhiro,"['Doisu Shiro Utsuri', 'Ki Usturi', 'Kujaku', 'Shusui']"
18b2e9,9690122486072,"A: 16"" (41cm) Female Ginrin Kohaku [Maruhiro]","A: 16"" (41cm) Female Ginrin Kohaku [Maruhiro] — 2025WINTER-032",600.0,True,https://www.champkoi.com/products/2025winter-032,Group_Koi,"['Doitsu Sanke', 'Doitsu Tancho Showa', 'Ginrin Kohaku', 'Ginrin Ochiba']",https://cdn.shopify.com/s/files/1/0749/6132/2296/files/2025WINTER-032_600x_e989f5bc-3a44-4d78-9f5c-2bdb874344c3.jpg?v=1736543666,champkoi_data/18b2e9_A_16_(41cm)_Female_Ginrin_Kohaku_[Maruhiro]_—_2025WINTER-032.jpg,"['A:', '16""', '(41cm)', 'Female', 'Ginrin', 'Kohaku', '[Maruhiro]', '—', '2025WINTER-032']","['16""', '(41cm)', 'Female', 'Ginrin', 'Kohaku', '[Maruhiro]', '2025WINTER-032']",41cm,"16""",Female,Maruhiro,"['Doitsu Sanke', 'Doitsu Tancho Showa', 'Ginrin Kohaku', 'Ginrin Ochiba']"
34e9a0,9690125992248,"A: 17"" (43cm) Female Aka Matsuba [Otsuka]","A: 17"" (43cm) Female Aka Matsuba [Otsuka] — 2025WINTER-033",600.0,True,https://www.champkoi.com/products/2025winter-033,Group_Koi,"['Aka Matsuba', 'Ginrin Benigoi', 'Goshiki', 'Kin Showa']",https://cdn.shopify.com/s/files/1/0749/6132/2296/files/2025WINTER-033_600x_ec7bf399-cf1e-48d5-b7f0-33bb4828147a.jpg?v=1736543777,champkoi_data/34e9a0_A_17_(43cm)_Female_Aka_Matsuba_[Otsuka]_—_2025WINTER-033.jpg,"['A:', '17""', '(43cm)', 'Female', 'Aka', 'Matsuba', '[Otsuka]', '—', '2025WINTER-033']","['17""', '(43cm)', 'Female', 'Aka', 'Matsuba', '[Otsuka]', '2025WINTER-033']",43cm,"17""",Female,Otsuka,"['Aka Matsuba', 'Ginrin Benigoi', 'Goshiki', 'Kin Showa']"
1732e8,9690128482616,"A: 15"" (38cm) Male Doitsu Yamato [Otsuka]","A: 15"" (38cm) Male Doitsu Yamato [Otsuka] — 2025WINTER-034",600.0,True,https://www.champkoi.com/products/2025winter-034,Group_Koi,"['Doitsu Yamato', 'Ginrin Benigoi', 'Tancho Goshiki']",https://cdn.shopify.com/s/files/1/0749/6132/2296/files/2025WINTER-034_600x_4c8ec1bb-6479-4d40-b364-db830551324a.jpg?v=1736543863,champkoi_data/1732e8_A_15_(38cm)_Male_Doitsu_Yamato_[Otsuka]_—_2025WINTER-034.jpg,"['A:', '15""', '(38cm)', 'Male', 'Doitsu', 'Yamato', '[Otsuka]', '—', '2025WINTER-034']","['15""', '(38cm)', 'Male', 'Doitsu', 'Yamato', '[Otsuka]', '2025WINTER-034']",38cm,"15""",Male,Otsuka,"['Doitsu Yamato', 'Ginrin Benigoi', 'Tancho Goshiki']"
e630ab,9690130514232,"A: 15"" (38cm) Female Golden Corn [Taniguchi]","A: 15"" (38cm) Female Golden Corn [Taniguchi] — 2025WINTER-035",600.0,False,https://www.champkoi.com/products/2025winter-035,Group_Koi,"['Golden Corn', 'Shiro Utsuri', 'Showa']",https://cdn.shopify.com/s/files/1/0749/6132/2296/files/2025WINTER-035_600x_a7f92ff4-83f5-4bb8-89af-027a0bbf4213.jpg?v=1736543942,champkoi_data/e630ab_A_15_(38cm)_Female_Golden_Corn_[Taniguchi]_—_2025WINTER-035.jpg,"['A:', '15""', '(38cm)', 'Female', 'Golden', 'Corn', '[Taniguchi]', '—', '2025WINTER-035']","['15""', '(38cm)', 'Female', 'Golden', 'Corn', '[Taniguchi]', '2025WINTER-035']",38cm,"15""",Female,Taniguchi,"['Golden Corn', 'Shiro Utsuri', 'Showa']"
13ce8c,9690132152632,"A: 18"" (46cm) Male Beko [Maruhiro]","A: 18"" (46cm) Male Beko [Maruhiro] — 2025WINTER-036",600.0,True,https://www.champkoi.com/products/2025winter-036,Group_Koi,"['Beko', 'Ochiba']",https://cdn.shopify.com/s/files/1/0749/6132/2296/files/2025WINTER-036_600x_883bed1c-90fe-48ca-94b2-f13166789cc4.jpg?v=1736544002,champkoi_data/13ce8c_A_18_(46cm)_Male_Beko_[Maruhiro]_—_2025WINTER-036.jpg,"['A:', '18""', '(46cm)', 'Male', 'Beko', '[Maruhiro]', '—', '2025WINTER-036']","['18""', '(46cm)', 'Male', 'Beko', '[Maruhiro]', '2025WINTER-036']",46cm,"18""",Male,Maruhiro,"['Beko', 'Ochiba']"
beb639,9818559480120,"A: 15"" (38cm) Ochiba [Ozumi]","A: 15"" (38cm) Ochiba [Ozumi] — 2025WINTER-046",600.0,True,https://www.champkoi.com/products/2025winter-046,Group_Koi,"['Dragon Scale', 'Ochiba']",https://cdn.shopify.com/s/files/1/0749/6132/2296/files/2025WINTER-046_600x_6cff64f1-0e6e-4912-b930-bbc20d6b27de.jpg?v=1741110960,champkoi_data/beb639_A_15_(38cm)_Ochiba_[Ozumi]_—_2025WINTER-046.jpg,"['A:', '15""', '(38cm)', 'Ochiba', '[Ozumi]', '—', '2025WINTER-046']","['15""', '(38cm)', 'Ochiba', '[Ozumi]', '2025WINTER-046']",38cm,"15""",,Ozumi,"['Dragon Scale', 'Ochiba']"
f2d44e,9868732924216,Default Title,Default Title — 25C-001 Kohaku,600.0,True,https://www.champkoi.com/products/25c-001-kohaku,Single_Koi,['Kohaku'],https://cdn.shopify.com/s/files/1/0749/6132/2296/files/25C-001_600x_5b78bffa-6517-4785-b79c-3c4c629f956f.jpg?v=1744417785,champkoi_data/f2d44e_Default_Title_—_25C-001_Kohaku.jpg,"['Default', 'Title', '—', '25C-001', 'Kohaku']","['25C-001', 'Kohaku']",,,,,['Kohaku']
539603,9868733088056,Default Title,Default Title — 25C-002 Kohaku,600.0,True,https://www.champkoi.com/products/25c-002-kohaku,Single_Koi,['Kohaku'],https://cdn.shopify.com/s/files/1/0749/6132/2296/files/25C-002_600x_a73382f9-376b-4ce7-bc27-7a6f04255677.jpg?v=1744417804,champkoi_data/539603_Default_Title_—_25C-002_Kohaku.jpg,"['Default', 'Title', '—', '25C-002', 'Kohaku']","['25C-002', 'Kohaku']",,,,,['Kohaku']
2126f3,9868733448504,Default Title,Default Title — 25C-003 Kohaku,600.0,True,https://www.champkoi.com/products/25c-003-kohaku,Single_Koi,['Kohaku'],https://cdn.shopify.com/s/files/1/0749/6132/2296/files/25C-003_600x_9cdc3533-41e3-49eb-9459-5852bf7053dc.jpg?v=1744417825,champkoi_data/2126f3_Default_Title_—_25C-003_Kohaku.jpg,"['Default', 'Title', '—', '25C-003', 'Kohaku']","['25C-003', 'Kohaku']",,,,,['Kohaku']
5c0dc1,9868733645112,Default Title,Default Title — 25C-004 Kohaku,600.0,True,https://www.champkoi.com/products/25c-004-kohaku,Single_Koi,['Kohaku'],https://cdn.shopify.com/s/files/1/0749/6132/2296/files/25C-004_600x_fa84a240-b812-4f80-8e16-c8343945e01a.jpg?v=1744417920,champkoi_data/5c0dc1_Default_Title_—_25C-004_Kohaku.jpg,"['Default', 'Title', '—', '25C-004', 'Kohaku']","['25C-004', 'Kohaku']",,,,,['Kohaku']
b2c648,9868733743416,Default Title,Default Title — 25C-005 Kohaku,600.0,True,https://www.champkoi.com/products/25c-005-kohaku,Single_Koi,['Kohaku'],https://cdn.shopify.com/s/files/1/0749/6132/2296/files/25C-005_600x_bc11853d-0ec2-407b-a191-c8d9a9b1ae4c.jpg?v=1744417939,champkoi_data/b2c648_Default_Title_—_25C-005_Kohaku.jpg,"['Default', 'Title', '—', '25C-005', 'Kohaku']","['25C-005', 'Kohaku']",,,,,['Kohaku']
aa355a,9868733874488,Default Title,Default Title — 25C-006 Kohaku,600.0,True,https://www.champkoi.com/products/25c-006-kohaku,Single_Koi,['Kohaku'],https://cdn.shopify.com/s/files/1/0749/6132/2296/files/25C-006_600x_70f915c4-5624-47fc-8a93-bad1084e4e0d.jpg?v=1744417960,champkoi_data/aa355a_Default_Title_—_25C-006_Kohaku.jpg,"['Default', 'Title', '—', '25C-006', 'Kohaku']","['25C-006', 'Kohaku']",,,,,['Kohaku']
29fd2c,9868734038328,Default Title,Default Title — 25C-007 Kohaku,600.0,True,https://www.champkoi.com/products/25c-007-kohaku,Single_Koi,['Kohaku'],https://cdn.shopify.com/s/files/1/0749/6132/2296/files/25C-007_600x_cc58ba91-cdfb-4b22-82aa-c01ba1f2621c.jpg?v=1744417987,champkoi_data/29fd2c_Default_Title_—_25C-007_Kohaku.jpg,"['Default', 'Title', '—', '25C-007', 'Kohaku']","['25C-007', 'Kohaku']",,,,,['Kohaku']
44b55d,9868734202168,Default Title,Default Title — 25C-008 Kohaku,600.0,True,https://www.champkoi.com/products/25c-008-kohaku,Single_Koi,['Kohaku'],https://cdn.shopify.com/s/files/1/0749/6132/2296/files/25C-008_600x_e8bc662c-1c56-4721-9457-55892770a790.jpg?v=1744418006,champkoi_data/44b55d_Default_Title_—_25C-008_Kohaku.jpg,"['Default', 'Title', '—', '25C-008', 'Kohaku']","['25C-008', 'Kohaku']",,,,,['Kohaku']
f82f28,9868734300472,Default Title,Default Title — 25C-009 Kohaku,600.0,True,https://www.champkoi.com/products/25c-009-kohaku,Single_Koi,['Kohaku'],https://cdn.shopify.com/s/files/1/0749/6132/2296/files/25C-009_600x_2dca6147-71be-45e3-93af-83fcba71aabe.jpg?v=1744418024,champkoi_data/f82f28_Default_Title_—_25C-009_Kohaku.jpg,"['Default', 'Title', '—', '25C-009', 'Kohaku']","['25C-009', 'Kohaku']",,,,,['Kohaku']
bea741,9868734431544,Default Title,Default Title — 25C-010 Kohaku,600.0,True,https://www.champkoi.com/products/25c-010-kohaku,Single_Koi,['Kohaku'],https://cdn.shopify.com/s/files/1/0749/6132/2296/files/25C-010_600x_05a4f653-550d-4f35-87a0-10c743cd4931.jpg?v=1744418045,champkoi_data/bea741_Default_Title_—_25C-010_Kohaku.jpg,"['Default', 'Title', '—', '25C-010', 'Kohaku']","['25C-010', 'Kohaku']",,,,,['Kohaku']
829c1e,9868734529848,Default Title,Default Title — 25C-011 Kohaku,600.0,True,https://www.champkoi.com/products/25c-011-kohaku,Single_Koi,['Kohaku'],https://cdn.shopify.com/s/files/1/0749/6132/2296/files/25C-011_600x_ff0083e5-14d2-4aa4-ac7a-affcd46fc493.jpg?v=1744418062,champkoi_data/829c1e_Default_Title_—_25C-011_Kohaku.jpg,"['Default', 'Title', '—', '25C-011', 'Kohaku']","['25C-011', 'Kohaku']",,,,,['Kohaku']
b79ef7,9868734628152,Default Title,Default Title — 25C-012 Kohaku,600.0,True,https://www.champkoi.com/products/25c-012-kohaku,Single_Koi,['Kohaku'],https://cdn.shopify.com/s/files/1/0749/6132/2296/files/25C-012_600x_6bad5e5d-bea0-44bf-b990-a55a66a67925.jpg?v=1744418082,champkoi_data/b79ef7_Default_Title_—_25C-012_Kohaku.jpg,"['Default', 'Title', '—', '25C-012', 'Kohaku']","['25C-012', 'Kohaku']",,,,,['Kohaku']
cb5b4e,9868735086904,Default Title,Default Title — 25C-015 Kohaku,600.0,True,https://www.champkoi.com/products/25c-015-kohaku,Single_Koi,['Kohaku'],https://cdn.shopify.com/s/files/1/0749/6132/2296/files/25C-015_600x_bd7c7159-8fe7-4289-99e9-7aa50b5560cc.jpg?v=1744418153,champkoi_data/cb5b4e_Default_Title_—_25C-015_Kohaku.jpg,"['Default', 'Title', '—', '25C-015', 'Kohaku']","['25C-015', 'Kohaku']",,,,,['Kohaku']
0b7fcc,9868735152440,Default Title,Default Title — 25C-016 Kohaku,600.0,True,https://www.champkoi.com/products/25c-016-kohaku,Single_Koi,['Kohaku'],https://cdn.shopify.com/s/files/1/0749/6132/2296/files/25C-016_600x_84236eb5-9395-4efd-994b-d5c65143d800.jpg?v=1744418171,champkoi_data/0b7fcc_Default_Title_—_25C-016_Kohaku.jpg,"['Default', 'Title', '—', '25C-016', 'Kohaku']","['25C-016', 'Kohaku']",,,,,['Kohaku']
6a1ebf,9868735316280,Default Title,Default Title — 25C-017 Kohaku,600.0,True,https://www.champkoi.com/products/25c-017-kohaku,Single_Koi,['Kohaku'],https://cdn.shopify.com/s/files/1/0749/6132/2296/files/25C-017_600x_342d951c-79c7-49ea-9736-d48508617873.jpg?v=1744418211,champkoi_data/6a1ebf_Default_Title_—_25C-017_Kohaku.jpg,"['Default', 'Title', '—', '25C-017', 'Kohaku']","['25C-017', 'Kohaku']",,,,,['Kohaku']
5d0717,9868735381816,Default Title,Default Title — 25C-018 Kohaku,600.0,True,https://www.champkoi.com/products/25c-018-kohaku,Single_Koi,['Kohaku'],https://cdn.shopify.com/s/files/1/0749/6132/2296/files/25C-018_600x_5374f701-eb6b-474e-80a2-84a13411b9b5.jpg?v=1744418228,champkoi_data/5d0717_Default_Title_—_25C-018_Kohaku.jpg,"['Default', 'Title', '—', '25C-018', 'Kohaku']","['25C-018', 'Kohaku']",,,,,['Kohaku']
f10e2e,9868735480120,Default Title,Default Title — 25C-019 Kohaku,600.0,True,https://www.champkoi.com/products/25c-019-kohaku,Single_Koi,['Kohaku'],https://cdn.shopify.com/s/files/1/0749/6132/2296/files/25C-019_600x_3190b5fb-ea14-4f4a-b011-8bd4563a8117.jpg?v=1744418246,champkoi_data/f10e2e_Default_Title_—_25C-019_Kohaku.jpg,"['Default', 'Title', '—', '25C-019', 'Kohaku']","['25C-019', 'Kohaku']",,,,,['Kohaku']
161fab,9690138050872,"A: 17"" (43cm) Female Doitsu Kohaku [Maruhide]","A: 17"" (43cm) Female Doitsu Kohaku [Maruhide] — 2025WINTER-039",800.0,False,https://www.champkoi.com/products/2025winter-039,Group_Koi,"['Beni Ginga', 'Doitsu Kohaku', 'Platinum Ogon']",https://cdn.shopify.com/s/files/1/0749/6132/2296/files/2025WINTER-039_600x_53cfd535-b40f-4c4f-9982-a90ba6fd03c9.jpg?v=1736544220,champkoi_data/161fab_A_17_(43cm)_Female_Doitsu_Kohaku_[Maruhide]_—_2025WINTER-039.jpg,"['A:', '17""', '(43cm)', 'Female', 'Doitsu', 'Kohaku', '[Maruhide]', '—', '2025WINTER-039']","['17""', '(43cm)', 'Female', 'Doitsu', 'Kohaku', '[Maruhide]', '2025WINTER-039']",43cm,"17""",Female,Maruhide,"['Beni Ginga', 'Doitsu Kohaku', 'Platinum Ogon']"
49b661,9690140934456,"A: 16"" (41cm) Female Kin Showa [Kanno]","A: 16"" (41cm) Female Kin Showa [Kanno] — 2025WINTER-040",800.0,False,https://www.champkoi.com/products/2025winter-040,Group_Koi,"['Kin Showa', 'Kohaku', 'Tancho Sanke']",https://cdn.shopify.com/s/files/1/0749/6132/2296/files/2025WINTER-040_600x_a3eb29b5-08e1-4ed8-9e48-b2a9ba1e7224.jpg?v=1736544298,champkoi_data/49b661_A_16_(41cm)_Female_Kin_Showa_[Kanno]_—_2025WINTER-040.jpg,"['A:', '16""', '(41cm)', 'Female', 'Kin', 'Showa', '[Kanno]', '—', '2025WINTER-040']","['16""', '(41cm)', 'Female', 'Kin', 'Showa', '[Kanno]', '2025WINTER-040']",41cm,"16""",Female,Kanno,"['Kin Showa', 'Kohaku', 'Tancho Sanke']"
adea25,9690144145720,"A: 16"" (41cm) Female Kin Showa [Kanno]","A: 16"" (41cm) Female Kin Showa [Kanno] — 2025WINTER-041",800.0,False,https://www.champkoi.com/products/2025winter-041,Group_Koi,"['Doitsu Kohaku', 'Ki Utsuri', 'Kin Showa']",https://cdn.shopify.com/s/files/1/0749/6132/2296/files/2025WINTER-041_600x_fc681c35-1843-4974-85d0-15f9716c872e.jpg?v=1736544410,champkoi_data/adea25_A_16_(41cm)_Female_Kin_Showa_[Kanno]_—_2025WINTER-041.jpg,"['A:', '16""', '(41cm)', 'Female', 'Kin', 'Showa', '[Kanno]', '—', '2025WINTER-041']","['16""', '(41cm)', 'Female', 'Kin', 'Showa', '[Kanno]', '2025WINTER-041']",41cm,"16""",Female,Kanno,"['Doitsu Kohaku', 'Ki Utsuri', 'Kin Showa']"
6f5ddf,9690149093688,"A: 18"" (46cm) Female Goshiki Showa [Suda]","A: 18"" (46cm) Female Goshiki Showa [Suda] — 2025WINTER-043",800.0,True,https://www.champkoi.com/products/2025winter-043,Group_Koi,"['Asagi', 'Goshiki Showa', 'Kin Showa']",https://cdn.shopify.com/s/files/1/0749/6132/2296/files/2025WINTER-043_600x_442e93d7-f920-45ff-babf-dc74cfbc9cab.jpg?v=1736544527,champkoi_data/6f5ddf_A_18_(46cm)_Female_Goshiki_Showa_[Suda]_—_2025WINTER-043.jpg,"['A:', '18""', '(46cm)', 'Female', 'Goshiki', 'Showa', '[Suda]', '—', '2025WINTER-043']","['18""', '(46cm)', 'Female', 'Goshiki', 'Showa', '[Suda]', '2025WINTER-043']",46cm,"18""",Female,Suda,"['Asagi', 'Goshiki Showa', 'Kin Showa']"
339a28,9818563019064,"A: 15"" (38cm) Female Ginrin Asagi [Ozumi]","A: 15"" (38cm) Female Ginrin Asagi [Ozumi] — 2025WINTER-047",800.0,True,https://www.champkoi.com/products/2025winter-047,Group_Koi,['Ginrin Asagi'],https://cdn.shopify.com/s/files/1/0749/6132/2296/files/2025WINTER-047_600x_be29a60f-08ca-4e46-b5bd-2a8f6b2bfa29.jpg?v=1741111142,champkoi_data/339a28_A_15_(38cm)_Female_Ginrin_Asagi_[Ozumi]_—_2025WINTER-047.jpg,"['A:', '15""', '(38cm)', 'Female', 'Ginrin', 'Asagi', '[Ozumi]', '—', '2025WINTER-047']","['15""', '(38cm)', 'Female', 'Ginrin', 'Asagi', '[Ozumi]', '2025WINTER-047']",38cm,"15""",Female,Ozumi,['Ginrin Asagi']
ae8a7a,9829139022136,Default Title,Default Title — 25B-007 Ginrin Showa,800.0,True,https://www.champkoi.com/products/25b-007-ginrin-showa,Single_Koi,['Ginrin Showa'],https://cdn.shopify.com/s/files/1/0749/6132/2296/files/25B-007_600x_6aeea5a0-a230-4c70-96bd-206e3b195416.jpg?v=1741843558,champkoi_data/ae8a7a_Default_Title_—_25B-007_Ginrin_Showa.jpg,"['Default', 'Title', '—', '25B-007', 'Ginrin', 'Showa']","['25B-007', 'Ginrin', 'Showa']",,,,,['Ginrin Showa']
f80b90,9876551500088,Default Title,Default Title — 25D-038 Showa,800.0,True,https://www.champkoi.com/products/25d-038-showa,Single_Koi,['Showa'],https://cdn.shopify.com/s/files/1/0749/6132/2296/files/25D-038_600x_7d7e8e9a-828f-46d8-8805-380f5ec21279.jpg?v=1745005178,champkoi_data/f80b90_Default_Title_—_25D-038_Showa.jpg,"['Default', 'Title', '—', '25D-038', 'Showa']","['25D-038', 'Showa']",,,,,['Showa']
47bbf2,9876545044792,Default Title,Default Title — 25D-010 Matsukawabuke,900.0,True,https://www.champkoi.com/products/25d-010-matsukawabuke,Single_Koi,['Matsukawabuke'],https://cdn.shopify.com/s/files/1/0749/6132/2296/files/25D-010_600x_e8c058aa-e777-417f-9c1c-fe6540b5cf2a.jpg?v=1745003711,champkoi_data/47bbf2_Default_Title_—_25D-010_Matsukawabuke.jpg,"['Default', 'Title', '—', '25D-010', 'Matsukawabuke']","['25D-010', 'Matsukawabuke']",,,,,['Matsukawabuke']
056508,9876545175864,Default Title,Default Title — 25D-011 Matsukawabuke,900.0,True,https://www.champkoi.com/products/25d-011-matsukawabuke,Single_Koi,['Matsukawabuke'],https://cdn.shopify.com/s/files/1/0749/6132/2296/files/25D-011_600x_5f8793ae-3980-40bf-a5c2-7c54d351851b.jpg?v=1745003737,champkoi_data/056508_Default_Title_—_25D-011_Matsukawabuke.jpg,"['Default', 'Title', '—', '25D-011', 'Matsukawabuke']","['25D-011', 'Matsukawabuke']",,,,,['Matsukawabuke']
a12e34,9876548550968,Default Title,Default Title — 25D-023 Shiro Utsuri,900.0,True,https://www.champkoi.com/products/25d-023-shiro-utsuri,Single_Koi,['Shiro Utsuri'],https://cdn.shopify.com/s/files/1/0749/6132/2296/files/25D-023_600x_69bc8f5c-cf53-4507-a0c1-23e9b5270e0c.jpg?v=1745004486,champkoi_data/a12e34_Default_Title_—_25D-023_Shiro_Utsuri.jpg,"['Default', 'Title', '—', '25D-023', 'Shiro', 'Utsuri']","['25D-023', 'Shiro', 'Utsuri']",,,,,['Shiro Utsuri']
28ae16,9876539408696,Default Title,Default Title — 25D-006 Beni Ginga,950.0,True,https://www.champkoi.com/products/25d-006-beni-ginga,Single_Koi,['Beni Ginga'],https://cdn.shopify.com/s/files/1/0749/6132/2296/files/25D-006_600x_b5c48f98-8fe6-4492-b2fe-c524cf1de532.jpg?v=1745003109,champkoi_data/28ae16_Default_Title_—_25D-006_Beni_Ginga.jpg,"['Default', 'Title', '—', '25D-006', 'Beni', 'Ginga']","['25D-006', 'Beni', 'Ginga']",,,,,['Beni Ginga']
ca9904,9876544487736,Default Title,Default Title — 25D-009 Tancho Beni Ginga,950.0,True,https://www.champkoi.com/products/25d-009-tancho-beni-ginga,Single_Koi,['Tancho Beni Ginga'],https://cdn.shopify.com/s/files/1/0749/6132/2296/files/25D-009_600x_ba10c10e-bf4e-475f-ba16-888b76dfc358.jpg?v=1745003586,champkoi_data/ca9904_Default_Title_—_25D-009_Tancho_Beni_Ginga.jpg,"['Default', 'Title', '—', '25D-009', 'Tancho', 'Beni', 'Ginga']","['25D-009', 'Tancho', 'Beni', 'Ginga']",,,,,['Tancho Beni Ginga']
3804ac,9876546355512,Default Title,Default Title — 25D-015 Karashigoi (Short Body),950.0,True,https://www.champkoi.com/products/25d-015-karashigoi-short-body,Single_Koi,['Karashigoi (Short Body)'],https://cdn.shopify.com/s/files/1/0749/6132/2296/files/25D-015_600x_e7776c40-76db-43ae-b4ab-fc891ac9ebb5.jpg?v=1745004021,champkoi_data/3804ac_Default_Title_—_25D-015_Karashigoi_(Short_Body).jpg,"['Default', 'Title', '—', '25D-015', 'Karashigoi', '(Short', 'Body)']","['25D-015', 'Karashigoi', '(Short', 'Body)']",Short,,,,['Karashigoi (Short Body)']
7dc19f,9876549861688,Default Title,Default Title — 25D-030 Goshike,950.0,True,https://www.champkoi.com/products/25d-030-goshike,Single_Koi,['Goshike'],https://cdn.shopify.com/s/files/1/0749/6132/2296/files/25D-030_600x_b1cb3640-d963-4600-9ad3-9d2903d9bdaf.jpg?v=1745004865,champkoi_data/7dc19f_Default_Title_—_25D-030_Goshike.jpg,"['Default', 'Title', '—', '25D-030', 'Goshike']","['25D-030', 'Goshike']",,,,,['Goshike']
e67e23,9876550582584,Default Title,Default Title — 25D-033 Goshike,950.0,True,https://www.champkoi.com/products/25d-033-goshike,Single_Koi,['Goshike'],https://cdn.shopify.com/s/files/1/0749/6132/2296/files/25D-033_600x_407d21a1-c199-4f4c-9042-3a6051d67e89.jpg?v=1745005027,champkoi_data/e67e23_Default_Title_—_25D-033_Goshike.jpg,"['Default', 'Title', '—', '25D-033', 'Goshike']","['25D-033', 'Goshike']",,,,,['Goshike']
d4dec1,9876550844728,Default Title,Default Title — 25D-035 Yamato Nishiki,950.0,True,https://www.champkoi.com/products/25d-035-yamato-nishiki,Single_Koi,['Yamato Nishiki'],https://cdn.shopify.com/s/files/1/0749/6132/2296/files/25D-035_600x_4d63284f-dcc3-44bf-a0bb-79e5caa8761d.jpg?v=1745005097,champkoi_data/d4dec1_Default_Title_—_25D-035_Yamato_Nishiki.jpg,"['Default', 'Title', '—', '25D-035', 'Yamato', 'Nishiki']","['25D-035', 'Yamato', 'Nishiki']",,,,,['Yamato Nishiki']
2c49e9,9876551106872,Default Title,Default Title — 25D-036 Kikusui,950.0,True,https://www.champkoi.com/products/25d-036-kikusui,Single_Koi,['Kikusui'],https://cdn.shopify.com/s/files/1/0749/6132/2296/files/25D-036_600x_22ce1399-6bf2-4dc8-aedd-5cad0d3f2872.jpg?v=1745005127,champkoi_data/2c49e9_Default_Title_—_25D-036_Kikusui.jpg,"['Default', 'Title', '—', '25D-036', 'Kikusui']","['25D-036', 'Kikusui']",,,,,['Kikusui']
b7cd4a,9876551336248,Default Title,Default Title — 25D-037 Sanke,950.0,True,https://www.champkoi.com/products/25d-037-sanke,Single_Koi,['Sanke'],https://cdn.shopify.com/s/files/1/0749/6132/2296/files/25D-037_600x_be223502-bbd8-40d4-87c8-46e2365773bc.jpg?v=1745005147,champkoi_data/b7cd4a_Default_Title_—_25D-037_Sanke.jpg,"['Default', 'Title', '—', '25D-037', 'Sanke']","['25D-037', 'Sanke']",,,,,['Sanke']
3f141d,9877319876920,Default Title,Default Title — 25D-062 Showa,950.0,True,https://www.champkoi.com/products/25d-062-showa,Single_Koi,['Showa'],https://cdn.shopify.com/s/files/1/0749/6132/2296/files/25D-062_600x_6c435e21-f2c3-45ab-bd7b-d4d71bec725c.jpg?v=1745110523,champkoi_data/3f141d_Default_Title_—_25D-062_Showa.jpg,"['Default', 'Title', '—', '25D-062', 'Showa']","['25D-062', 'Showa']",,,,,['Showa']
45b6f6,9829075255608,Default Title,Default Title — 25B-002 Ki Bekko,1000.0,True,https://www.champkoi.com/products/25b-002-ki-bekko,Single_Koi,['Ki Bekko'],https://cdn.shopify.com/s/files/1/0749/6132/2296/files/25B-002_600x_2ba9cec2-345b-4318-97a6-e15302ae2c5c.jpg?v=1741843005,champkoi_data/45b6f6_Default_Title_—_25B-002_Ki_Bekko.jpg,"['Default', 'Title', '—', '25B-002', 'Ki', 'Bekko']","['25B-002', 'Ki', 'Bekko']",,,,,['Ki Bekko']
4089c1,9829135024440,Default Title,Default Title — 25B-006 Ginrin Showa,1200.0,True,https://www.champkoi.com/products/25b-006-ginrin-showa,Single_Koi,['Ginrin Showa'],https://cdn.shopify.com/s/files/1/0749/6132/2296/files/25B-006_600x_277d5d64-08dd-4266-a026-fed8c627c641.jpg?v=1741843523,champkoi_data/4089c1_Default_Title_—_25B-006_Ginrin_Showa.jpg,"['Default', 'Title', '—', '25B-006', 'Ginrin', 'Showa']","['25B-006', 'Ginrin', 'Showa']",,,,,['Ginrin Showa']
cd91a5,9876527448376,Default Title,Default Title — 25D-001 Sanke,1200.0,True,https://www.champkoi.com/products/25d-001-sanke,Single_Koi,['Sanke'],https://cdn.shopify.com/s/files/1/0749/6132/2296/files/25D-001_600x_63f653e2-9bfe-40d8-acde-55c79f25da48.jpg?v=1745001961,champkoi_data/cd91a5_Default_Title_—_25D-001_Sanke.jpg,"['Default', 'Title', '—', '25D-001', 'Sanke']","['25D-001', 'Sanke']",,,,,['Sanke']
11c8fa,9876528005432,Default Title,Default Title — 25D-002 Sanke,1200.0,True,https://www.champkoi.com/products/25d-002-sanke,Single_Koi,['Sanke'],https://cdn.shopify.com/s/files/1/0749/6132/2296/files/25D-002_600x_b8066e18-56b5-4a9c-86ca-c23a852a6110.jpg?v=1745002008,champkoi_data/11c8fa_Default_Title_—_25D-002_Sanke.jpg,"['Default', 'Title', '—', '25D-002', 'Sanke']","['25D-002', 'Sanke']",,,,,['Sanke']
592f2d,9876528365880,Default Title,Default Title — 25D-003 Kohaku,1200.0,True,https://www.champkoi.com/products/25d-003-kohaku,Single_Koi,['Kohaku'],https://cdn.shopify.com/s/files/1/0749/6132/2296/files/25D-003_600x_99aeb250-ce11-46d7-a7a4-6517655f7b23.jpg?v=1745002037,champkoi_data/592f2d_Default_Title_—_25D-003_Kohaku.jpg,"['Default', 'Title', '—', '25D-003', 'Kohaku']","['25D-003', 'Kohaku']",,,,,['Kohaku']
41c635,9876532330808,Default Title,Default Title — 25D-005 Ginrin Matsukawabuke,1200.0,True,https://www.champkoi.com/products/25d-005-ginrin-matsukawabuke,Single_Koi,['Ginrin Matsukawabuke'],https://cdn.shopify.com/s/files/1/0749/6132/2296/files/25D-005_600x_93926412-395f-49dd-9377-71ebbebc1cd3.jpg?v=1745002386,champkoi_data/41c635_Default_Title_—_25D-005_Ginrin_Matsukawabuke.jpg,"['Default', 'Title', '—', '25D-005', 'Ginrin', 'Matsukawabuke']","['25D-005', 'Ginrin', 'Matsukawabuke']",,,,,['Ginrin Matsukawabuke']
3c471e,9876543013176,Default Title,Default Title — 25D-008 Beni Ginga,1200.0,True,https://www.champkoi.com/products/25d-008-beni-ginga,Single_Koi,['Beni Ginga'],https://cdn.shopify.com/s/files/1/0749/6132/2296/files/25D-008_600x_4424c293-b514-4537-ad80-ea05a833cd45.jpg?v=1745003444,champkoi_data/3c471e_Default_Title_—_25D-008_Beni_Ginga.jpg,"['Default', 'Title', '—', '25D-008', 'Beni', 'Ginga']","['25D-008', 'Beni', 'Ginga']",,,,,['Beni Ginga']
507caf,9877319254328,Default Title,Default Title — 25D-057 Sanke,1200.0,True,https://www.champkoi.com/products/25d-057-sanke,Single_Koi,['Sanke'],https://cdn.shopify.com/s/files/1/0749/6132/2296/files/25D-057_600x_a8157fa6-3284-42f9-a422-74dfbad15958.jpg?v=1745110187,champkoi_data/507caf_Default_Title_—_25D-057_Sanke.jpg,"['Default', 'Title', '—', '25D-057', 'Sanke']","['25D-057', 'Sanke']",,,,,['Sanke']
271751,9877319811384,Default Title,Default Title — 25D-061 Ginrin Goshike,1200.0,True,https://www.champkoi.com/products/25d-061-ginrin-goshike,Single_Koi,['Ginrin Goshike'],https://cdn.shopify.com/s/files/1/0749/6132/2296/files/25D-061_600x_0dfb5971-9cdd-466c-a7e9-da8955413842.jpg?v=1745110488,champkoi_data/271751_Default_Title_—_25D-061_Ginrin_Goshike.jpg,"['Default', 'Title', '—', '25D-061', 'Ginrin', 'Goshike']","['25D-061', 'Ginrin', 'Goshike']",,,,,['Ginrin Goshike']
80180f,9719154704696,Default Title,Default Title — 25A-006 Golden Corn,1400.0,True,https://www.champkoi.com/products/25a-006-golden-corn,Single_Koi,['Golden Corn'],https://cdn.shopify.com/s/files/1/0749/6132/2296/files/25A-006_600x_1f9bbf8b-36a4-4730-b37f-0ba5c36b13b8.jpg?v=1738956174,champkoi_data/80180f_Default_Title_—_25A-006_Golden_Corn.jpg,"['Default', 'Title', '—', '25A-006', 'Golden', 'Corn']","['25A-006', 'Golden', 'Corn']",,,,,['Golden Corn']
66c03e,9719215227192,Default Title,Default Title — 25A-009 Golden Corn,1400.0,True,https://www.champkoi.com/products/25a-009-golden-corn,Single_Koi,['Golden Corn'],https://cdn.shopify.com/s/files/1/0749/6132/2296/files/25A-009_600x_29cbd21e-032d-4e94-bd04-4e50dff3e0b1.jpg?v=1738956298,champkoi_data/66c03e_Default_Title_—_25A-009_Golden_Corn.jpg,"['Default', 'Title', '—', '25A-009', 'Golden', 'Corn']","['25A-009', 'Golden', 'Corn']",,,,,['Golden Corn']
b7e325,9719232201016,Default Title,Default Title — 25A-010 Golden Corn,1400.0,True,https://www.champkoi.com/products/25a-010-golden-corn,Single_Koi,['Golden Corn'],https://cdn.shopify.com/s/files/1/0749/6132/2296/files/25A-010_600x_a5f486dc-4e9b-4dd8-8e60-11478035305d.jpg?v=1738956336,champkoi_data/b7e325_Default_Title_—_25A-010_Golden_Corn.jpg,"['Default', 'Title', '—', '25A-010', 'Golden', 'Corn']","['25A-010', 'Golden', 'Corn']",,,,,['Golden Corn']
7f6d4e,9719343350072,Default Title,Default Title — 25A-014 Golden Corn,1400.0,True,https://www.champkoi.com/products/25a-014-golden-corn,Single_Koi,['Golden Corn'],https://cdn.shopify.com/s/files/1/0749/6132/2296/files/25A-014_600x_7edb2cef-07f4-4693-86b2-3b24fe65af5e.jpg?v=1738956595,champkoi_data/7f6d4e_Default_Title_—_25A-014_Golden_Corn.jpg,"['Default', 'Title', '—', '25A-014', 'Golden', 'Corn']","['25A-014', 'Golden', 'Corn']",,,,,['Golden Corn']
82602c,9719358259512,Default Title,Default Title — 25A-015 Golden Corn,1400.0,True,https://www.champkoi.com/products/25a-015-golden-corn,Single_Koi,['Golden Corn'],https://cdn.shopify.com/s/files/1/0749/6132/2296/files/25A-015_600x_53d5094f-7ca7-4356-bf26-769c7816b21f.jpg?v=1738956631,champkoi_data/82602c_Default_Title_—_25A-015_Golden_Corn.jpg,"['Default', 'Title', '—', '25A-015', 'Golden', 'Corn']","['25A-015', 'Golden', 'Corn']",,,,,['Golden Corn']
9edab1,9876542259512,Default Title,Default Title — 25D-007 Aragoke Beni Kikokuryu,1400.0,True,https://www.champkoi.com/products/25d-007-aragoke-beni-kikokuryu,Single_Koi,['Aragoke Beni Kikokuryu'],https://cdn.shopify.com/s/files/1/0749/6132/2296/files/25D-007_600x_78b53697-269c-4206-9d0d-011a19d64b7f.jpg?v=1745003371,champkoi_data/9edab1_Default_Title_—_25D-007_Aragoke_Beni_Kikokuryu.jpg,"['Default', 'Title', '—', '25D-007', 'Aragoke', 'Beni', 'Kikokuryu']","['25D-007', 'Aragoke', 'Beni', 'Kikokuryu']",,,,,['Aragoke Beni Kikokuryu']
ae011c,9876549632312,Default Title,Default Title — 25D-029 Showa,1400.0,True,https://www.champkoi.com/products/25d-029-ginrin-showa,Single_Koi,['Ginrin Showa'],https://cdn.shopify.com/s/files/1/0749/6132/2296/files/25D-029_600x_659fb70b-a8fc-480c-9853-fcafae92a5f6.jpg?v=1745004793,champkoi_data/ae011c_Default_Title_—_25D-029_Showa.jpg,"['Default', 'Title', '—', '25D-029', 'Showa']","['25D-029', 'Showa']",,,,,['Ginrin Showa']
dc224a,9876786282808,Default Title,Default Title — 25D-040 Girnin Showa,1400.0,True,https://www.champkoi.com/products/25d-040-girnin-showa,Single_Koi,['Girnin Showa'],https://cdn.shopify.com/s/files/1/0749/6132/2296/files/25D-040_600x_8379cc06-39d7-48bd-b8ed-697a49e45b77.jpg?v=1745040067,champkoi_data/dc224a_Default_Title_—_25D-040_Girnin_Showa.jpg,"['Default', 'Title', '—', '25D-040', 'Girnin', 'Showa']","['25D-040', 'Girnin', 'Showa']",,,,,['Girnin Showa']
226bba,9877123334456,Default Title,Default Title — 25D-041 Ginrin Showa,1400.0,True,https://www.champkoi.com/products/25d-041-ginrin-showa,Single_Koi,['Ginrin Showa'],https://cdn.shopify.com/s/files/1/0749/6132/2296/files/25D-041_600x_d6e083d2-2605-489f-8c05-5a66eb1affdf.jpg?v=1745074035,champkoi_data/226bba_Default_Title_—_25D-041_Ginrin_Showa.jpg,"['Default', 'Title', '—', '25D-041', 'Ginrin', 'Showa']","['25D-041', 'Ginrin', 'Showa']",,,,,['Ginrin Showa']
85659a,9877135655224,Default Title,Default Title — 25D-042 Ginrin Showa,1400.0,True,https://www.champkoi.com/products/25d-042-ginrin-showa,Single_Koi,['Ginrin Showa'],https://cdn.shopify.com/s/files/1/0749/6132/2296/files/25D-042_600x_7f4ee0c4-5ba0-4dd3-a5f5-9a9bb58fc7f0.jpg?v=1745074872,champkoi_data/85659a_Default_Title_—_25D-042_Ginrin_Showa.jpg,"['Default', 'Title', '—', '25D-042', 'Ginrin', 'Showa']","['25D-042', 'Ginrin', 'Showa']",,,,,['Ginrin Showa']
1ab08a,9877139128632,Default Title,Default Title — 25D-044 Yamabuki,1400.0,True,https://www.champkoi.com/products/25d-044-yamabuki,Single_Koi,['Yamabuki'],https://cdn.shopify.com/s/files/1/0749/6132/2296/files/25D-044_600x_f2da6000-7eac-4c8c-aee8-6bc5e1f9daab.jpg?v=1745075121,champkoi_data/1ab08a_Default_Title_—_25D-044_Yamabuki.jpg,"['Default', 'Title', '—', '25D-044', 'Yamabuki']","['25D-044', 'Yamabuki']",,,,,['Yamabuki']
1d54ad,9877319090488,Default Title,Default Title — 25D-054 Sanke,1400.0,True,https://www.champkoi.com/products/25d-054-sanke,Single_Koi,['Sanke'],https://cdn.shopify.com/s/files/1/0749/6132/2296/files/25D-054_600x_b10ffc82-ef78-4ef2-8ce7-e3f0a2f5c52c.jpg?v=1745110087,champkoi_data/1d54ad_Default_Title_—_25D-054_Sanke.jpg,"['Default', 'Title', '—', '25D-054', 'Sanke']","['25D-054', 'Sanke']",,,,,['Sanke']
42557a,9877319123256,Default Title,Default Title — 25D-055 Showa,1400.0,True,https://www.champkoi.com/products/25d-055-showa,Single_Koi,['Showa'],https://cdn.shopify.com/s/files/1/0749/6132/2296/files/25D-055_600x_424a0222-7a6a-454d-8dcb-2b2b7f42b85e.jpg?v=1745110115,champkoi_data/42557a_Default_Title_—_25D-055_Showa.jpg,"['Default', 'Title', '—', '25D-055', 'Showa']","['25D-055', 'Showa']",,,,,['Showa']
4ef7d6,9877319221560,Default Title,Default Title — 25D-056 Showa,1400.0,True,https://www.champkoi.com/products/25d-056-showa,Single_Koi,['Showa'],https://cdn.shopify.com/s/files/1/0749/6132/2296/files/25D-056_600x_a5fb6924-8530-49a4-953f-3dea14f33095.jpg?v=1745110151,champkoi_data/4ef7d6_Default_Title_—_25D-056_Showa.jpg,"['Default', 'Title', '—', '25D-056', 'Showa']","['25D-056', 'Showa']",,,,,['Showa']
790208,9877319319864,Default Title,Default Title — 25D-058 Sanke,1400.0,True,https://www.champkoi.com/products/25d-058-sanke,Single_Koi,['Sanke'],https://cdn.shopify.com/s/files/1/0749/6132/2296/files/25D-058_600x_bab30438-8972-4347-ba52-e01faf711e85.jpg?v=1745110215,champkoi_data/790208_Default_Title_—_25D-058_Sanke.jpg,"['Default', 'Title', '—', '25D-058', 'Sanke']","['25D-058', 'Sanke']",,,,,['Sanke']
001419,9877319680312,Default Title,Default Title — 25D-060 Shiro Utsuri,1400.0,True,https://www.champkoi.com/products/25d-060-shiro-utsuri,Single_Koi,['Shiro Utsuri'],https://cdn.shopify.com/s/files/1/0749/6132/2296/files/25D-060_600x_fba4cc9f-b176-4afc-bfa1-01c00d002689.jpg?v=1745110426,champkoi_data/001419_Default_Title_—_25D-060_Shiro_Utsuri.jpg,"['Default', 'Title', '—', '25D-060', 'Shiro', 'Utsuri']","['25D-060', 'Shiro', 'Utsuri']",,,,,['Shiro Utsuri']
2450c8,9877319975224,Default Title,Default Title — 25D-063 Showa,1400.0,True,https://www.champkoi.com/products/25d-063-showa,Single_Koi,['Showa'],https://cdn.shopify.com/s/files/1/0749/6132/2296/files/25D-063_600x_ee9fa079-48dd-43c8-90c6-6bba5046ec30.jpg?v=1745110596,champkoi_data/2450c8_Default_Title_—_25D-063_Showa.jpg,"['Default', 'Title', '—', '25D-063', 'Showa']","['25D-063', 'Showa']",,,,,['Showa']
c0746e,8980164608312,Default Title,Default Title — 24D-121 Ginrin Asagi,1440.0,True,https://www.champkoi.com/products/24d-121-ginrin-asagi,Single_Koi,['Ginrin Asagi'],https://cdn.shopify.com/s/files/1/0749/6132/2296/products/24D-121.jpg?v=1707351567,champkoi_data/c0746e_Default_Title_—_24D-121_Ginrin_Asagi.jpg,"['Default', 'Title', '—', '24D-121', 'Ginrin', 'Asagi']","['24D-121', 'Ginrin', 'Asagi']",,,,,['Ginrin Asagi']
c58f87,9829229756728,Default Title,Default Title — 25B-019 Kohaku,1500.0,True,https://www.champkoi.com/products/25b-019-kohaku,Single_Koi,['Kohaku'],https://cdn.shopify.com/s/files/1/0749/6132/2296/files/25B-019_600x_4d2d10ce-48f6-40fe-b722-922857047460.jpg?v=1741844374,champkoi_data/c58f87_Default_Title_—_25B-019_Kohaku.jpg,"['Default', 'Title', '—', '25B-019', 'Kohaku']","['25B-019', 'Kohaku']",,,,,['Kohaku']
632310,9829236769080,Default Title,Default Title — 25B-020 Dragon Scale,1500.0,True,https://www.champkoi.com/products/25b-020-dragon-scale,Single_Koi,['Dragon Scale'],https://cdn.shopify.com/s/files/1/0749/6132/2296/files/25B-020_600x_4c9acd58-5fba-4106-bda8-d35fc5158f7a.jpg?v=1741844440,champkoi_data/632310_Default_Title_—_25B-020_Dragon_Scale.jpg,"['Default', 'Title', '—', '25B-020', 'Dragon', 'Scale']","['25B-020', 'Dragon', 'Scale']",,,,,['Dragon Scale']
a5cbf9,8970151625016,Default Title,Default Title — 24A-015 Showa,1600.0,True,https://www.champkoi.com/products/24a-015-showa,Single_Koi,['Showa'],https://cdn.shopify.com/s/files/1/0749/6132/2296/products/24A-015.jpg?v=1706925366,champkoi_data/a5cbf9_Default_Title_—_24A-015_Showa.jpg,"['Default', 'Title', '—', '24A-015', 'Showa']","['24A-015', 'Showa']",,,,,['Showa']
e7bffd,8980156743992,Default Title,Default Title — 24D-118 Showa,1600.0,True,https://www.champkoi.com/products/24d-118-showa,Single_Koi,['Showa'],https://cdn.shopify.com/s/files/1/0749/6132/2296/products/24D-118.jpg?v=1707351376,champkoi_data/e7bffd_Default_Title_—_24D-118_Showa.jpg,"['Default', 'Title', '—', '24D-118', 'Showa']","['24D-118', 'Showa']",,,,,['Showa']
432f1c,9876545503544,Default Title,Default Title — 25D-012 Sumi Sakura,1600.0,True,https://www.champkoi.com/products/25d-012-matsukawabake,Single_Koi,['Matsukawabake'],https://cdn.shopify.com/s/files/1/0749/6132/2296/files/25D-012_600x_9e33028f-dd5e-4f27-be6a-9b176703694a.jpg?v=1745003834,champkoi_data/432f1c_Default_Title_—_25D-012_Sumi_Sakura.jpg,"['Default', 'Title', '—', '25D-012', 'Sumi', 'Sakura']","['25D-012', 'Sumi', 'Sakura']",,,,,['Matsukawabake']
652f33,9876546748728,Default Title,Default Title — 25D-016 Sanke,1600.0,True,https://www.champkoi.com/products/25d-016-sanke,Single_Koi,['Sanke'],https://cdn.shopify.com/s/files/1/0749/6132/2296/files/25D-016_600x_899904d9-275f-49f0-8d2e-cc215b6381d4.jpg?v=1745004074,champkoi_data/652f33_Default_Title_—_25D-016_Sanke.jpg,"['Default', 'Title', '—', '25D-016', 'Sanke']","['25D-016', 'Sanke']",,,,,['Sanke']
ea89aa,9876548157752,Default Title,Default Title — 25D-021 Ginrin Showa,1600.0,True,https://www.champkoi.com/products/25d-021-ginrin-showa,Single_Koi,['Ginrin Showa'],https://cdn.shopify.com/s/files/1/0749/6132/2296/files/25D-021_600x_5a970622-dd09-4597-91b7-008ca5a4d5b1.jpg?v=1745004405,champkoi_data/ea89aa_Default_Title_—_25D-021_Ginrin_Showa.jpg,"['Default', 'Title', '—', '25D-021', 'Ginrin', 'Showa']","['25D-021', 'Ginrin', 'Showa']",,,,,['Ginrin Showa']
e74f3d,9877318893880,Default Title,Default Title — 25D-052 Ginrin Ki Utsuri,1600.0,True,https://www.champkoi.com/products/25d-052-ginrin-ki-utsuri,Single_Koi,['Ginrin Ki Utsuri'],https://cdn.shopify.com/s/files/1/0749/6132/2296/files/25D-052_600x_75f09914-ad39-4e83-98e1-3e8a3d063674.jpg?v=1745110008,champkoi_data/e74f3d_Default_Title_—_25D-052_Ginrin_Ki_Utsuri.jpg,"['Default', 'Title', '—', '25D-052', 'Ginrin', 'Ki', 'Utsuri']","['25D-052', 'Ginrin', 'Ki', 'Utsuri']",,,,,['Ginrin Ki Utsuri']
62571d,8569612796216,Default Title,Default Title — 23A-233 Kujaku,1800.0,True,https://www.champkoi.com/products/23a-233-kujaku,Single_Koi,['Kujaku'],https://cdn.shopify.com/s/files/1/0749/6132/2296/products/23A-233.jpg?v=1692557786,champkoi_data/62571d_Default_Title_—_23A-233_Kujaku.jpg,"['Default', 'Title', '—', '23A-233', 'Kujaku']","['23A-233', 'Kujaku']",,,,,['Kujaku']
e1bc4e,9613141573944,"A: 20-22"" (50-55cm) Female Showa [Ogata]","A: 20-22"" (50-55cm) Female Showa [Ogata] — 2024FALL-103",1800.0,True,https://www.champkoi.com/products/2024fall-103,Presale_Koi,"['Showa', 'Shusui']",https://cdn.shopify.com/s/files/1/0749/6132/2296/files/2024FALL-103_600x_195098c9-1619-4ab1-a07a-380a51cd6269.jpg?v=1729405133,champkoi_data/e1bc4e_A_20-22_(50-55cm)_Female_Showa_[Ogata]_—_2024FALL-103.jpg,"['A:', '20-22""', '(50-55cm)', 'Female', 'Showa', '[Ogata]', '—', '2024FALL-103']","['20-22""', '(50-55cm)', 'Female', 'Showa', '[Ogata]', '2024FALL-103']",50-55cm,"20-22""",Female,Ogata,"['Showa', 'Shusui']"
905db6,9719084450104,Default Title,Default Title — 25A-002 Golden Corn,1800.0,True,https://www.champkoi.com/products/25a-002-golden-corn,Single_Koi,['Golden Corn'],https://cdn.shopify.com/s/files/1/0749/6132/2296/files/25A-002_600x_32a6e623-07ff-4f6f-b81e-0716028105d6.jpg?v=1738956035,champkoi_data/905db6_Default_Title_—_25A-002_Golden_Corn.jpg,"['Default', 'Title', '—', '25A-002', 'Golden', 'Corn']","['25A-002', 'Golden', 'Corn']",,,,,['Golden Corn']
79c9ce,9719120822584,Default Title,Default Title — 25A-004 Golden Corn,1800.0,True,https://www.champkoi.com/products/25a-004-golden-corn,Single_Koi,['Golden Corn'],https://cdn.shopify.com/s/files/1/0749/6132/2296/files/25A-004_600x_30e67215-b9e7-48ea-9794-8cec93a9c009.jpg?v=1738956108,champkoi_data/79c9ce_Default_Title_—_25A-004_Golden_Corn.jpg,"['Default', 'Title', '—', '25A-004', 'Golden', 'Corn']","['25A-004', 'Golden', 'Corn']",,,,,['Golden Corn']
5459a1,9719137829176,Default Title,Default Title — 25A-005 Golden Corn,1800.0,True,https://www.champkoi.com/products/25a-005-golden-corn,Single_Koi,['Golden Corn'],https://cdn.shopify.com/s/files/1/0749/6132/2296/files/25A-005_600x_d341ea90-f2b5-455e-9d14-d8eead6edafd.jpg?v=1738956140,champkoi_data/5459a1_Default_Title_—_25A-005_Golden_Corn.jpg,"['Default', 'Title', '—', '25A-005', 'Golden', 'Corn']","['25A-005', 'Golden', 'Corn']",,,,,['Golden Corn']
da800a,9719170564408,Default Title,Default Title — 25A-007 Golden Corn,1800.0,True,https://www.champkoi.com/products/25a-007-golden-corn,Single_Koi,['Golden Corn'],https://cdn.shopify.com/s/files/1/0749/6132/2296/files/25A-007_600x_317028f7-738e-4c8b-b07f-55a971be388e.jpg?v=1738956205,champkoi_data/da800a_Default_Title_—_25A-007_Golden_Corn.jpg,"['Default', 'Title', '—', '25A-007', 'Golden', 'Corn']","['25A-007', 'Golden', 'Corn']",,,,,['Golden Corn']
141273,9719188160824,Default Title,Default Title — 25A-008 Golden Corn,1800.0,True,https://www.champkoi.com/products/25a-008-golden-corn,Single_Koi,['Golden Corn'],https://cdn.shopify.com/s/files/1/0749/6132/2296/files/25A-008_600x_d6bee447-d8fb-406d-afeb-ed5ed597b82e.jpg?v=1738956240,champkoi_data/141273_Default_Title_—_25A-008_Golden_Corn.jpg,"['Default', 'Title', '—', '25A-008', 'Golden', 'Corn']","['25A-008', 'Golden', 'Corn']",,,,,['Golden Corn']
1b7ef8,9719250420024,Default Title,Default Title — 25A-011 Golden Corn,1800.0,True,https://www.champkoi.com/products/25a-011-golden-corn,Single_Koi,['Golden Corn'],https://cdn.shopify.com/s/files/1/0749/6132/2296/files/25A-011_600x_ecd2501a-a9c0-4409-900e-6ae6ed844ada.jpg?v=1738956375,champkoi_data/1b7ef8_Default_Title_—_25A-011_Golden_Corn.jpg,"['Default', 'Title', '—', '25A-011', 'Golden', 'Corn']","['25A-011', 'Golden', 'Corn']",,,,,['Golden Corn']
34f3c2,9719263428920,Default Title,Default Title — 25A-012 Golden Corn,1800.0,True,https://www.champkoi.com/products/25a-012-golden-corn,Single_Koi,['Golden Corn'],https://cdn.shopify.com/s/files/1/0749/6132/2296/files/25A-012_600x_7af3453d-07e8-4a96-a167-167c964c5cf2.jpg?v=1738956405,champkoi_data/34f3c2_Default_Title_—_25A-012_Golden_Corn.jpg,"['Default', 'Title', '—', '25A-012', 'Golden', 'Corn']","['25A-012', 'Golden', 'Corn']",,,,,['Golden Corn']
47fa81,9719325262136,Default Title,Default Title — 25A-013 Golden Corn,1800.0,True,https://www.champkoi.com/products/25a-013-golden-corn,Single_Koi,['Golden Corn'],https://cdn.shopify.com/s/files/1/0749/6132/2296/files/25A-013_600x_80a82b72-e30e-4337-98f5-b4a061e63b63.jpg?v=1738956549,champkoi_data/47fa81_Default_Title_—_25A-013_Golden_Corn.jpg,"['Default', 'Title', '—', '25A-013', 'Golden', 'Corn']","['25A-013', 'Golden', 'Corn']",,,,,['Golden Corn']
6af8aa,9829175591224,Default Title,Default Title — 25B-011 Kohaku,1800.0,True,https://www.champkoi.com/products/25b-011-kohaku,Single_Koi,['Kohaku'],https://cdn.shopify.com/s/files/1/0749/6132/2296/files/25B-011_600x_48e71072-4934-4719-b458-66824cc46a02.jpg?v=1741843878,champkoi_data/6af8aa_Default_Title_—_25B-011_Kohaku.jpg,"['Default', 'Title', '—', '25B-011', 'Kohaku']","['25B-011', 'Kohaku']",,,,,['Kohaku']
f5e626,9829225169208,Default Title,Default Title — 25B-018 Kohaku,1800.0,True,https://www.champkoi.com/products/25b-018-kohaku,Single_Koi,['Kohaku'],https://cdn.shopify.com/s/files/1/0749/6132/2296/files/25B-018_600x_2a3409b2-d39e-4b8a-a2c6-f9ee082a5d75.jpg?v=1741844328,champkoi_data/f5e626_Default_Title_—_25B-018_Kohaku.jpg,"['Default', 'Title', '—', '25B-018', 'Kohaku']","['25B-018', 'Kohaku']",,,,,['Kohaku']
bec4ec,9876546093368,Default Title,Default Title — 25D-014 Doitsu Budo Goromo,1800.0,True,https://www.champkoi.com/products/25d-014-doitsu-budo-goromo,Single_Koi,['Doitsu Budo Goromo'],https://cdn.shopify.com/s/files/1/0749/6132/2296/files/25D-014_600x_378cc243-7a3b-44db-ab77-e42f7a0d54bf.jpg?v=1745003978,champkoi_data/bec4ec_Default_Title_—_25D-014_Doitsu_Budo_Goromo.jpg,"['Default', 'Title', '—', '25D-014', 'Doitsu', 'Budo', 'Goromo']","['25D-014', 'Doitsu', 'Budo', 'Goromo']",,,,,['Doitsu Budo Goromo']
04b94f,9876547862840,Default Title,Default Title — 25D-020 Showa,1800.0,True,https://www.champkoi.com/products/25d-020-showa,Single_Koi,['Showa'],https://cdn.shopify.com/s/files/1/0749/6132/2296/files/25D-020_600x_fc668e1b-63c0-4f3c-a167-5efc17bc9656.jpg?v=1745004360,champkoi_data/04b94f_Default_Title_—_25D-020_Showa.jpg,"['Default', 'Title', '—', '25D-020', 'Showa']","['25D-020', 'Showa']",,,,,['Showa']
cadfc2,9877138047288,Default Title,Default Title — 25D-043 Ginrin Showa,1800.0,True,https://www.champkoi.com/products/25d-043-ginrin-showa,Single_Koi,['Ginrin Showa'],https://cdn.shopify.com/s/files/1/0749/6132/2296/files/25D-043_600x_e762c937-f291-4023-865b-8c3e45fa5e61.jpg?v=1745075046,champkoi_data/cadfc2_Default_Title_—_25D-043_Ginrin_Showa.jpg,"['Default', 'Title', '—', '25D-043', 'Ginrin', 'Showa']","['25D-043', 'Ginrin', 'Showa']",,,,,['Ginrin Showa']
5233ff,9877140111672,Default Title,Default Title — 25D-045 Sanke,1800.0,True,https://www.champkoi.com/products/25d-045-sanke,Single_Koi,['Sanke'],https://cdn.shopify.com/s/files/1/0749/6132/2296/files/25D-045_600x_9815c860-39fe-40d5-befa-aafc68775853.jpg?v=1745075188,champkoi_data/5233ff_Default_Title_—_25D-045_Sanke.jpg,"['Default', 'Title', '—', '25D-045', 'Sanke']","['25D-045', 'Sanke']",,,,,['Sanke']
5e87db,9877140767032,Default Title,Default Title — 25D-046 Kujaku,1800.0,True,https://www.champkoi.com/products/25d-046-kujaku,Single_Koi,['Kujaku'],https://cdn.shopify.com/s/files/1/0749/6132/2296/files/25D-046_600x_2c655335-38f2-400d-b342-6696df141126.jpg?v=1745075229,champkoi_data/5e87db_Default_Title_—_25D-046_Kujaku.jpg,"['Default', 'Title', '—', '25D-046', 'Kujaku']","['25D-046', 'Kujaku']",,,,,['Kujaku']
034a2f,9877318598968,Default Title,Default Title — 25D-051 Budo Goromo,1800.0,True,https://www.champkoi.com/products/25d-051-budo-goromo,Single_Koi,['Budo Goromo'],https://cdn.shopify.com/s/files/1/0749/6132/2296/files/25D-051_600x_4b6fd16c-fc6d-4e75-9005-05ec16ee5d8a.jpg?v=1745109927,champkoi_data/034a2f_Default_Title_—_25D-051_Budo_Goromo.jpg,"['Default', 'Title', '—', '25D-051', 'Budo', 'Goromo']","['25D-051', 'Budo', 'Goromo']",,,,,['Budo Goromo']
70d7cd,8569605816632,Default Title,Default Title — 23A-296 Kikusui,2000.0,True,https://www.champkoi.com/products/23a-296-kikusui,Single_Koi,['Kikusui'],https://cdn.shopify.com/s/files/1/0749/6132/2296/products/23A-296.jpg?v=1692557741,champkoi_data/70d7cd_Default_Title_—_23A-296_Kikusui.jpg,"['Default', 'Title', '—', '23A-296', 'Kikusui']","['23A-296', 'Kikusui']",,,,,['Kikusui']
edf872,8970192257336,Default Title,Default Title — 24B-073 Hariwake,2000.0,True,https://www.champkoi.com/products/24b-073-hardware,Single_Koi,['Hariwake'],https://cdn.shopify.com/s/files/1/0749/6132/2296/products/24B-073.jpg?v=1706933620,champkoi_data/edf872_Default_Title_—_24B-073_Hariwake.jpg,"['Default', 'Title', '—', '24B-073', 'Hariwake']","['24B-073', 'Hariwake']",,,,,['Hariwake']
1ac3a8,8980190560568,Default Title,Default Title — 24D-131 Showa,2000.0,False,https://www.champkoi.com/products/24d-131-showa,Single_Koi,['Showa'],https://cdn.shopify.com/s/files/1/0749/6132/2296/products/24D-131.jpg?v=1707352304,champkoi_data/1ac3a8_Default_Title_—_24D-131_Showa.jpg,"['Default', 'Title', '—', '24D-131', 'Showa']","['24D-131', 'Showa']",,,,,['Showa']
c7f865,9618551734584,Default Title,Default Title — 2024FALL-159 Showa,2000.0,True,https://www.champkoi.com/products/2024fall-159-showa,Presale_Koi,['Showa'],https://cdn.shopify.com/s/files/1/0749/6132/2296/files/2024FALL-159_600x_faf419c1-846f-4775-8389-fda16560e12d.jpg?v=1730103317,champkoi_data/c7f865_Default_Title_—_2024FALL-159_Showa.jpg,"['Default', 'Title', '—', '2024FALL-159', 'Showa']","['2024FALL-159', 'Showa']",,,,,['Showa']
2bdbb6,9876545798456,Default Title,Default Title — 25D-013 Ginrin Kin Chagoi,2000.0,True,https://www.champkoi.com/products/25d-013-ginrin-kin-chagoi,Single_Koi,['Ginrin Kin Chagoi'],https://cdn.shopify.com/s/files/1/0749/6132/2296/files/25D-013_600x_b07a3321-2f0e-41fc-a7b5-bc177d87c2fc.jpg?v=1745003926,champkoi_data/2bdbb6_Default_Title_—_25D-013_Ginrin_Kin_Chagoi.jpg,"['Default', 'Title', '—', '25D-013', 'Ginrin', 'Kin', 'Chagoi']","['25D-013', 'Ginrin', 'Kin', 'Chagoi']",,,,,['Ginrin Kin Chagoi']
e0ea4a,9877141455160,Default Title,Default Title — 25D-047 Kujaku,2000.0,True,https://www.champkoi.com/products/25d-047-kujaku,Single_Koi,['Kujaku'],https://cdn.shopify.com/s/files/1/0749/6132/2296/files/25D-047_600x_e5440fd7-d72f-414e-9ad5-8eca52699186.jpg?v=1745075272,champkoi_data/e0ea4a_Default_Title_—_25D-047_Kujaku.jpg,"['Default', 'Title', '—', '25D-047', 'Kujaku']","['25D-047', 'Kujaku']",,,,,['Kujaku']
277385,9877318533432,Default Title,Default Title — 25D-050 Kujaku,2000.0,True,https://www.champkoi.com/products/25d-050-kujaku,Single_Koi,['Kujaku'],https://cdn.shopify.com/s/files/1/0749/6132/2296/files/25D-050_600x_6189a14e-a947-4257-8718-c5258634d97b.jpg?v=1745109873,champkoi_data/277385_Default_Title_—_25D-050_Kujaku.jpg,"['Default', 'Title', '—', '25D-050', 'Kujaku']","['25D-050', 'Kujaku']",,,,,['Kujaku']
69fa9d,9829241946424,Default Title,Default Title — 25B-021 Ochiba,2200.0,True,https://www.champkoi.com/products/25b-021-ochiba,Single_Koi,['Ochiba'],https://cdn.shopify.com/s/files/1/0749/6132/2296/files/25B-021_600x_108ce6a5-d5d5-4031-939a-71326327a460.jpg?v=1741844491,champkoi_data/69fa9d_Default_Title_—_25B-021_Ochiba.jpg,"['Default', 'Title', '—', '25B-021', 'Ochiba']","['25B-021', 'Ochiba']",,,,,['Ochiba']
bdb89c,8569603588408,Default Title,Default Title — 23A-308 Ginrin Soragoi,2240.0,False,https://www.champkoi.com/products/23a-308-ginrin-soragoi,Single_Koi,['Ginrin Soragoi'],https://cdn.shopify.com/s/files/1/0749/6132/2296/products/23A-308.jpg?v=1692557724,champkoi_data/bdb89c_Default_Title_—_23A-308_Ginrin_Soragoi.jpg,"['Default', 'Title', '—', '23A-308', 'Ginrin', 'Soragoi']","['23A-308', 'Ginrin', 'Soragoi']",,,,,['Ginrin Soragoi']
4024a4,9606416531768,Default Title,Default Title — 2024FALL-029 Ginrin Kohaku,2400.0,True,https://www.champkoi.com/products/2024fall-029,Presale_Koi,['Ginrin Kohaku'],https://cdn.shopify.com/s/files/1/0749/6132/2296/files/2024FALL-029_600x_842d37c5-139c-4cc9-a65e-65893d53e680.jpg?v=1728861292,champkoi_data/4024a4_Default_Title_—_2024FALL-029_Ginrin_Kohaku.jpg,"['Default', 'Title', '—', '2024FALL-029', 'Ginrin', 'Kohaku']","['2024FALL-029', 'Ginrin', 'Kohaku']",,,,,['Ginrin Kohaku']
006254,9610895196472,Default Title,Default Title — 2024FALL-081 Yellow Kogane Ochiba,2400.0,True,https://www.champkoi.com/products/2024fall-081-yellow-kogane-ochiba,Presale_Koi,['Yellow Kogane Ochiba'],https://cdn.shopify.com/s/files/1/0749/6132/2296/files/2024FALL-081_600x_fb7b63dc-74e4-4dc6-b6f1-8a20605eab4e.jpg?v=1729235324,champkoi_data/006254_Default_Title_—_2024FALL-081_Yellow_Kogane_Ochiba.jpg,"['Default', 'Title', '—', '2024FALL-081', 'Yellow', 'Kogane', 'Ochiba']","['2024FALL-081', 'Yellow', 'Kogane', 'Ochiba']",,,,,['Yellow Kogane Ochiba']
4a5e3b,9617347608888,Default Title,Default Title — 2024FALL-158 Showa,2400.0,True,https://www.champkoi.com/products/2024fall-158-showa,Presale_Koi,['Showa'],https://cdn.shopify.com/s/files/1/0749/6132/2296/files/2024FALL-158_600x_eb9ca0c8-55c3-4771-a3c9-c3f7f309d740.jpg?v=1729926497,champkoi_data/4a5e3b_Default_Title_—_2024FALL-158_Showa.jpg,"['Default', 'Title', '—', '2024FALL-158', 'Showa']","['2024FALL-158', 'Showa']",,,,,['Showa']
97515d,9829199675704,Default Title,Default Title — 25B-014 Doitsu Karashigoi,2400.0,False,https://www.champkoi.com/products/25b-014-doitsu-karashigoi,Single_Koi,['Doitsu Karashigoi'],https://cdn.shopify.com/s/files/1/0749/6132/2296/files/25B-014_600x_9967a0e8-6fcd-4978-a700-3a9ce456a8a6.jpg?v=1741844092,champkoi_data/97515d_Default_Title_—_25B-014_Doitsu_Karashigoi.jpg,"['Default', 'Title', '—', '25B-014', 'Doitsu', 'Karashigoi']","['25B-014', 'Doitsu', 'Karashigoi']",,,,,['Doitsu Karashigoi']
47f870,9829211308344,Default Title,Default Title — 25B-016 Kohaku,2400.0,True,https://www.champkoi.com/products/25b-016-kohaku,Single_Koi,['Kohaku'],https://cdn.shopify.com/s/files/1/0749/6132/2296/files/25B-016_600x_8590698f-25d5-4016-813c-843beef2120f.jpg?v=1741844198,champkoi_data/47f870_Default_Title_—_25B-016_Kohaku.jpg,"['Default', 'Title', '—', '25B-016', 'Kohaku']","['25B-016', 'Kohaku']",,,,,['Kohaku']
28a89d,9829219893560,Default Title,Default Title — 25B-017 Kohaku,2400.0,True,https://www.champkoi.com/products/25b-017-kohaku,Single_Koi,['Kohaku'],https://cdn.shopify.com/s/files/1/0749/6132/2296/files/25B-017_600x_5ca01c08-f430-4b4f-af88-da760d218e1d.jpg?v=1741844276,champkoi_data/28a89d_Default_Title_—_25B-017_Kohaku.jpg,"['Default', 'Title', '—', '25B-017', 'Kohaku']","['25B-017', 'Kohaku']",,,,,['Kohaku']
78db67,9876547666232,Default Title,Default Title — 25D-019 Red Kujaku,2400.0,True,https://www.champkoi.com/products/25d-019-red-kujaku,Single_Koi,['Red Kujaku'],https://cdn.shopify.com/s/files/1/0749/6132/2296/files/25D-019_600x_2c8e9ffa-97ba-47cc-b28a-4dfad8085d50.jpg?v=1745004323,champkoi_data/78db67_Default_Title_—_25D-019_Red_Kujaku.jpg,"['Default', 'Title', '—', '25D-019', 'Red', 'Kujaku']","['25D-019', 'Red', 'Kujaku']",,,,,['Red Kujaku']
625278,9876549173560,Default Title,Default Title — 25D-026 Shiro Utsuri,2400.0,True,https://www.champkoi.com/products/25d-026-shiro-utsuri,Single_Koi,['Shiro Utsuri'],https://cdn.shopify.com/s/files/1/0749/6132/2296/files/25D-026_600x_85718a98-fbfc-4fa2-a8ea-8611c7018615.jpg?v=1745004636,champkoi_data/625278_Default_Title_—_25D-026_Shiro_Utsuri.jpg,"['Default', 'Title', '—', '25D-026', 'Shiro', 'Utsuri']","['25D-026', 'Shiro', 'Utsuri']",,,,,['Shiro Utsuri']
60f867,9877142438200,Default Title,Default Title — 25D-048 Ki Matsuba,2400.0,True,https://www.champkoi.com/products/25d-048-ki-matsuba,Single_Koi,['Ki Matsuba'],https://cdn.shopify.com/s/files/1/0749/6132/2296/files/25D-048_600x_6d204ea3-7961-4192-8237-0791cbd6988d.jpg?v=1745075335,champkoi_data/60f867_Default_Title_—_25D-048_Ki_Matsuba.jpg,"['Default', 'Title', '—', '25D-048', 'Ki', 'Matsuba']","['25D-048', 'Ki', 'Matsuba']",,,,,['Ki Matsuba']
9a2a9c,9877318959416,Default Title,Default Title — 25D-053 Ginrin Chagoi,2400.0,False,https://www.champkoi.com/products/25d-053-ginrin-chagoi,Single_Koi,['Ginrin Chagoi'],https://cdn.shopify.com/s/files/1/0749/6132/2296/files/25D-053_600x_9b36864a-1d29-4ea9-9bf1-1de62e70921c.jpg?v=1745110047,champkoi_data/9a2a9c_Default_Title_—_25D-053_Ginrin_Chagoi.jpg,"['Default', 'Title', '—', '25D-053', 'Ginrin', 'Chagoi']","['25D-053', 'Ginrin', 'Chagoi']",,,,,['Ginrin Chagoi']
ed2f12,8569603096888,Default Title,Default Title — 23A-309 Ginrin Karashigoi,2560.0,True,https://www.champkoi.com/products/23a-309-ginrin-karashigoi,Single_Koi,['Ginrin Karashigoi'],https://cdn.shopify.com/s/files/1/0749/6132/2296/products/23A-309.jpg?v=1692557721,champkoi_data/ed2f12_Default_Title_—_23A-309_Ginrin_Karashigoi.jpg,"['Default', 'Title', '—', '23A-309', 'Ginrin', 'Karashigoi']","['23A-309', 'Ginrin', 'Karashigoi']",,,,,['Ginrin Karashigoi']
30c769,8569604473144,Default Title,Default Title — 23A-305 Ginrin Soragoi,2800.0,True,https://www.champkoi.com/products/23a-305-ginrin-soragoi,Single_Koi,['Ginrin Soragoi'],https://cdn.shopify.com/s/files/1/0749/6132/2296/products/23A-305.jpg?v=1692557730,champkoi_data/30c769_Default_Title_—_23A-305_Ginrin_Soragoi.jpg,"['Default', 'Title', '—', '23A-305', 'Ginrin', 'Soragoi']","['23A-305', 'Ginrin', 'Soragoi']",,,,,['Ginrin Soragoi']
e3b3c2,8970190258488,Default Title,Default Title — 24B-064 Sanke,2800.0,True,https://www.champkoi.com/products/24b-064-sanke,Single_Koi,['Sanke'],https://cdn.shopify.com/s/files/1/0749/6132/2296/products/24B-064.jpg?v=1706933096,champkoi_data/e3b3c2_Default_Title_—_24B-064_Sanke.jpg,"['Default', 'Title', '—', '24B-064', 'Sanke']","['24B-064', 'Sanke']",,,,,['Sanke']
de3281,8980146192696,Default Title,Default Title — 24D-108 Showa,2800.0,True,https://www.champkoi.com/products/24d-108-showa,Single_Koi,['Showa'],https://cdn.shopify.com/s/files/1/0749/6132/2296/products/24D-108.jpg?v=1707351145,champkoi_data/de3281_Default_Title_—_24D-108_Showa.jpg,"['Default', 'Title', '—', '24D-108', 'Showa']","['24D-108', 'Showa']",,,,,['Showa']
f780f1,8980147503416,Default Title,Default Title — 24D-110 Showa,2800.0,True,https://www.champkoi.com/products/24d-110-showa,Single_Koi,['Showa'],https://cdn.shopify.com/s/files/1/0749/6132/2296/products/24D-110.jpg?v=1707351176,champkoi_data/f780f1_Default_Title_—_24D-110_Showa.jpg,"['Default', 'Title', '—', '24D-110', 'Showa']","['24D-110', 'Showa']",,,,,['Showa']
3fd070,9009447534904,Default Title,Default Title — 24F-177 Asagi,2800.0,True,https://www.champkoi.com/products/24f-177-asagi,Single_Koi,['Asagi'],https://cdn.shopify.com/s/files/1/0749/6132/2296/products/24F-177.jpg?v=1709171386,champkoi_data/3fd070_Default_Title_—_24F-177_Asagi.jpg,"['Default', 'Title', '—', '24F-177', 'Asagi']","['24F-177', 'Asagi']",,,,,['Asagi']
27bf81,9608736637240,Default Title,Default Title — 2024FALL-069 Karasu,2800.0,False,https://www.champkoi.com/products/2024fall-069-karasu,Presale_Koi,['Karasu'],https://cdn.shopify.com/s/files/1/0749/6132/2296/files/2024FALL-051_600x_600x_d92b406e-2595-4f8e-85f5-cd89453b94da.jpg?v=1729121873,champkoi_data/27bf81_Default_Title_—_2024FALL-069_Karasu.jpg,"['Default', 'Title', '—', '2024FALL-069', 'Karasu']","['2024FALL-069', 'Karasu']",,,,,['Karasu']
e61ebb,9613141868856,Default Title,Default Title — 2024FALL-106 Doitsu Kujaku,2800.0,True,https://www.champkoi.com/products/2024fall-106-doitsu-kujaku,Presale_Koi,['Doitsu Kujaku'],https://cdn.shopify.com/s/files/1/0749/6132/2296/files/2024FALL-106_600x_24c7b1a7-098d-4766-93cd-32ee2018b146.jpg?v=1729405245,champkoi_data/e61ebb_Default_Title_—_2024FALL-106_Doitsu_Kujaku.jpg,"['Default', 'Title', '—', '2024FALL-106', 'Doitsu', 'Kujaku']","['2024FALL-106', 'Doitsu', 'Kujaku']",,,,,['Doitsu Kujaku']
459f4d,9613142294840,"A: 22"" (55cm) Female Sanke [Ogata]","A: 22"" (55cm) Female Sanke [Ogata] — 2024FALL-109",2800.0,True,https://www.champkoi.com/products/2024fall-109,Presale_Koi,['Sanke'],https://cdn.shopify.com/s/files/1/0749/6132/2296/files/2024FALL-109_600x_fd7ffcb1-1cd5-4e94-8e1b-9886218b8ceb.jpg?v=1729405301,champkoi_data/459f4d_A_22_(55cm)_Female_Sanke_[Ogata]_—_2024FALL-109.jpg,"['A:', '22""', '(55cm)', 'Female', 'Sanke', '[Ogata]', '—', '2024FALL-109']","['22""', '(55cm)', 'Female', 'Sanke', '[Ogata]', '2024FALL-109']",55cm,"22""",Female,Ogata,['Sanke']
37f5ff,9876529905976,Default Title,Default Title — 25D-004 Tancho Kohaku,2800.0,True,https://www.champkoi.com/products/25d-004-tancho-kohaku,Single_Koi,['Tancho Kohaku'],https://cdn.shopify.com/s/files/1/0749/6132/2296/files/25D-004_600x_9758b26a-4bdf-46f8-94c6-52c8e1cf34c9.jpg?v=1745002182,champkoi_data/37f5ff_Default_Title_—_25D-004_Tancho_Kohaku.jpg,"['Default', 'Title', '—', '25D-004', 'Tancho', 'Kohaku']","['25D-004', 'Tancho', 'Kohaku']",,,,,['Tancho Kohaku']
336a64,9876546879800,Default Title,Default Title — 25D-017 Kohaku,2800.0,False,https://www.champkoi.com/products/25d-017-kohaku,Single_Koi,['Kohaku'],https://cdn.shopify.com/s/files/1/0749/6132/2296/files/25D-017_600x_7e51f4a8-cdc5-4fda-acb2-e3312fdfe6a9.jpg?v=1745004118,champkoi_data/336a64_Default_Title_—_25D-017_Kohaku.jpg,"['Default', 'Title', '—', '25D-017', 'Kohaku']","['25D-017', 'Kohaku']",,,,,['Kohaku']
b42190,9009450123576,Default Title,Default Title — 24F-181 Showa,3200.0,True,https://www.champkoi.com/products/24f-181-showa,Single_Koi,['Showa'],https://cdn.shopify.com/s/files/1/0749/6132/2296/products/24F-181.jpg?v=1709171589,champkoi_data/b42190_Default_Title_—_24F-181_Showa.jpg,"['Default', 'Title', '—', '24F-181', 'Showa']","['24F-181', 'Showa']",,,,,['Showa']
5192d9,9602475622712,Default Title,Default Title — 2024FALL-005 Platinum Ogon,3200.0,True,https://www.champkoi.com/products/2024fall-005,Presale_Koi,['Platinum Ogon'],https://cdn.shopify.com/s/files/1/0749/6132/2296/files/2024FALL-005_600x_cd4ef477-fc60-4a0c-93a0-d5d2b1b9caaa.jpg?v=1728510470,champkoi_data/5192d9_Default_Title_—_2024FALL-005_Platinum_Ogon.jpg,"['Default', 'Title', '—', '2024FALL-005', 'Platinum', 'Ogon']","['2024FALL-005', 'Platinum', 'Ogon']",,,,,['Platinum Ogon']
7dccea,9602476015928,Default Title,Default Title — 2024FALL-006 Platinum Ogon,3200.0,True,https://www.champkoi.com/products/2024fall-006,Presale_Koi,['Platinum Ogon'],https://cdn.shopify.com/s/files/1/0749/6132/2296/files/2024FALL-006_600x_048d5c94-6f40-45a8-a4ea-e9b3a12805cd.jpg?v=1728510504,champkoi_data/7dccea_Default_Title_—_2024FALL-006_Platinum_Ogon.jpg,"['Default', 'Title', '—', '2024FALL-006', 'Platinum', 'Ogon']","['2024FALL-006', 'Platinum', 'Ogon']",,,,,['Platinum Ogon']
b6a844,9616866476344,Default Title,Default Title — 2024FALL-141 Showa,3600.0,True,https://www.champkoi.com/products/2024fall-141-showa,Presale_Koi,['Showa'],https://cdn.shopify.com/s/files/1/0749/6132/2296/files/2024FALL-141_600x_1cc5b06e-6838-450f-9b2b-73c6dc1725d2.jpg?v=1729858536,champkoi_data/b6a844_Default_Title_—_2024FALL-141_Showa.jpg,"['Default', 'Title', '—', '2024FALL-141', 'Showa']","['2024FALL-141', 'Showa']",,,,,['Showa']
6eb027,9876548878648,Default Title,Default Title — 25D-025 Ginrin Tancho,3600.0,True,https://www.champkoi.com/products/25d-025-ginrin-tancho,Single_Koi,['Ginrin Tancho'],https://cdn.shopify.com/s/files/1/0749/6132/2296/files/25D-025_600x_443f12ae-ea6d-42e0-8c49-60c97bb88dc0.jpg?v=1745004583,champkoi_data/6eb027_Default_Title_—_25D-025_Ginrin_Tancho.jpg,"['Default', 'Title', '—', '25D-025', 'Ginrin', 'Tancho']","['25D-025', 'Ginrin', 'Tancho']",,,,,['Ginrin Tancho']
9b7d63,9876549402936,Default Title,Default Title — 25D-027 Ginrin Tancho,3600.0,False,https://www.champkoi.com/products/25d-027-ginrin-tancho,Single_Koi,['Ginrin Tancho'],https://cdn.shopify.com/s/files/1/0749/6132/2296/files/25D-027_600x_d9ebe355-d8be-4eca-aa02-65400f5972fd.jpg?v=1745004685,champkoi_data/9b7d63_Default_Title_—_25D-027_Ginrin_Tancho.jpg,"['Default', 'Title', '—', '25D-027', 'Ginrin', 'Tancho']","['25D-027', 'Ginrin', 'Tancho']",,,,,['Ginrin Tancho']
b2b6ab,8970191470904,Default Title,Default Title — 24B-069 Kohaku,3800.0,False,https://www.champkoi.com/products/24b-069-kohaku,Single_Koi,['Kohaku'],https://cdn.shopify.com/s/files/1/0749/6132/2296/products/24B-069.jpg?v=1706933426,champkoi_data/b2b6ab_Default_Title_—_24B-069_Kohaku.jpg,"['Default', 'Title', '—', '24B-069', 'Kohaku']","['24B-069', 'Kohaku']",,,,,['Kohaku']
3e5701,8980143472952,Default Title,Default Title — 24D-105 Showa,3800.0,True,https://www.champkoi.com/products/24d-105-showa,Single_Koi,['Showa'],https://cdn.shopify.com/s/files/1/0749/6132/2296/products/24D-105.jpg?v=1707351062,champkoi_data/3e5701_Default_Title_—_24D-105_Showa.jpg,"['Default', 'Title', '—', '24D-105', 'Showa']","['24D-105', 'Showa']",,,,,['Showa']
942654,9009458741560,Default Title,Default Title — 24F-188 Showa,3800.0,True,https://www.champkoi.com/products/24f-188-showa,Single_Koi,['Showa'],https://cdn.shopify.com/s/files/1/0749/6132/2296/products/24F-188.jpg?v=1709172317,champkoi_data/942654_Default_Title_—_24F-188_Showa.jpg,"['Default', 'Title', '—', '24F-188', 'Showa']","['24F-188', 'Showa']",,,,,['Showa']
8a2be0,9009458839864,Default Title,Default Title — 24F-189 Showa,3800.0,False,https://www.champkoi.com/products/24f-189-showa,Single_Koi,['Showa'],https://cdn.shopify.com/s/files/1/0749/6132/2296/products/24F-189.jpg?v=1709172325,champkoi_data/8a2be0_Default_Title_—_24F-189_Showa.jpg,"['Default', 'Title', '—', '24F-189', 'Showa']","['24F-189', 'Showa']",,,,,['Showa']
fc900e,9616868507960,Default Title,Default Title — 2024FALL-143 Aragoke,3800.0,True,https://www.champkoi.com/products/2024fall-143-aragoke,Presale_Koi,['Aragoke'],https://cdn.shopify.com/s/files/1/0749/6132/2296/files/2024FALL-143_600x_86df6dd7-757e-44be-8c76-0e07621e6ad2.jpg?v=1729858962,champkoi_data/fc900e_Default_Title_—_2024FALL-143_Aragoke.jpg,"['Default', 'Title', '—', '2024FALL-143', 'Aragoke']","['2024FALL-143', 'Aragoke']",,,,,['Aragoke']
20d34c,9616869425464,Default Title,Default Title — 2024FALL-144 Showa,3800.0,True,https://www.champkoi.com/products/2024fall-144-showa,Presale_Koi,['Showa'],https://cdn.shopify.com/s/files/1/0749/6132/2296/files/2024FALL-144_600x_25e9c603-9cd2-4006-8251-ae4c13edff1b.jpg?v=1729859210,champkoi_data/20d34c_Default_Title_—_2024FALL-144_Showa.jpg,"['Default', 'Title', '—', '2024FALL-144', 'Showa']","['2024FALL-144', 'Showa']",,,,,['Showa']
6d4ada,9624117313848,Default Title,Default Title — 2024FALL-175 Shusui,3800.0,True,https://www.champkoi.com/products/2024fall-175-shusui,Presale_Koi,['Shusui'],https://cdn.shopify.com/s/files/1/0749/6132/2296/files/2024FALL-175_600x_115c3811-39ad-4c98-808a-f64fdad01391.jpg?v=1730447542,champkoi_data/6d4ada_Default_Title_—_2024FALL-175_Shusui.jpg,"['Default', 'Title', '—', '2024FALL-175', 'Shusui']","['2024FALL-175', 'Shusui']",,,,,['Shusui']
6aff45,9829156979000,Default Title,Default Title — 25B-009 Kohaku,3800.0,True,https://www.champkoi.com/products/25b-009-kohaku,Single_Koi,['Kohaku'],https://cdn.shopify.com/s/files/1/0749/6132/2296/files/25B-009_600x_c074f802-4c5c-462d-8ff2-f2ae4ae04560.jpg?v=1741843723,champkoi_data/6aff45_Default_Title_—_25B-009_Kohaku.jpg,"['Default', 'Title', '—', '25B-009', 'Kohaku']","['25B-009', 'Kohaku']",,,,,['Kohaku']
32aaf3,9829186371896,Default Title,Default Title — 25B-012 Tancho Kujaku,3800.0,True,https://www.champkoi.com/products/25b-012-tancho-kujaku,Single_Koi,['Tancho Kujaku'],https://cdn.shopify.com/s/files/1/0749/6132/2296/files/25B-012_600x_4c8b9894-ea8e-472c-aa32-f788e5de5828.jpg?v=1741843976,champkoi_data/32aaf3_Default_Title_—_25B-012_Tancho_Kujaku.jpg,"['Default', 'Title', '—', '25B-012', 'Tancho', 'Kujaku']","['25B-012', 'Tancho', 'Kujaku']",,,,,['Tancho Kujaku']
47cd41,9876548387128,Default Title,Default Title — 25D-022 Shiro Utsuri,3800.0,False,https://www.champkoi.com/products/25d-022-shiro-utsuri,Single_Koi,['Shiro Utsuri'],https://cdn.shopify.com/s/files/1/0749/6132/2296/files/25D-022_600x_c6a79242-fc72-479d-a7c2-fd1bf98f651b.jpg?v=1745004448,champkoi_data/47cd41_Default_Title_—_25D-022_Shiro_Utsuri.jpg,"['Default', 'Title', '—', '25D-022', 'Shiro', 'Utsuri']","['25D-022', 'Shiro', 'Utsuri']",,,,,['Shiro Utsuri']
21edf2,9606410993976,Default Title,Default Title — 2024FALL-020 Chagoi,4000.0,True,https://www.champkoi.com/products/2024fall-020,Presale_Koi,['Chagoi'],https://cdn.shopify.com/s/files/1/0749/6132/2296/files/2024FALL-020_600x_d4472b99-28d3-4da3-8632-020220330add.jpg?v=1728857954,champkoi_data/21edf2_Default_Title_—_2024FALL-020_Chagoi.jpg,"['Default', 'Title', '—', '2024FALL-020', 'Chagoi']","['2024FALL-020', 'Chagoi']",,,,,['Chagoi']
475692,9876547502392,Default Title,Default Title — 25D-018 Tancho,4200.0,True,https://www.champkoi.com/products/25d-018-tancho,Single_Koi,['Tancho'],https://cdn.shopify.com/s/files/1/0749/6132/2296/files/25D-018_600x_925d3dd3-2d4c-4bba-a379-4d5794e8f002.jpg?v=1745004275,champkoi_data/475692_Default_Title_—_25D-018_Tancho.jpg,"['Default', 'Title', '—', '25D-018', 'Tancho']","['25D-018', 'Tancho']",,,,,['Tancho']
1492a7,9617340858680,Default Title,Default Title — 2024FALL-154 Kohaku,4300.0,True,https://www.champkoi.com/products/2024fall-154-kohaku,Presale_Koi,['Kohaku'],https://cdn.shopify.com/s/files/1/0749/6132/2296/files/2024FALL-154_600x_f9979297-4431-49a5-879b-3c5b29dc2309.jpg?v=1729925320,champkoi_data/1492a7_Default_Title_—_2024FALL-154_Kohaku.jpg,"['Default', 'Title', '—', '2024FALL-154', 'Kohaku']","['2024FALL-154', 'Kohaku']",,,,,['Kohaku']
4fb403,9617341055288,Default Title,Default Title — 2024FALL-155 Kohaku,4300.0,True,https://www.champkoi.com/products/2024fall-155-kohaku,Presale_Koi,['Kohaku'],https://cdn.shopify.com/s/files/1/0749/6132/2296/files/2024FALL-155_fb4e1bc9-9c38-4447-9ec9-59e30d880367.jpg?v=1730455040,champkoi_data/4fb403_Default_Title_—_2024FALL-155_Kohaku.jpg,"['Default', 'Title', '—', '2024FALL-155', 'Kohaku']","['2024FALL-155', 'Kohaku']",,,,,['Kohaku']
e8f910,9134044414264,Default Title,Default Title — 24H-212 Aka Matsuba,4500.0,True,https://www.champkoi.com/products/24h-212-aka-matsubashus,Single_Koi,['Aka Matsuba'],https://cdn.shopify.com/s/files/1/0749/6132/2296/files/24H-212_260e7b59-92a1-4064-b4f0-e39a90ec33f3.jpg?v=1712425594,champkoi_data/e8f910_Default_Title_—_24H-212_Aka_Matsuba.jpg,"['Default', 'Title', '—', '24H-212', 'Aka', 'Matsuba']","['24H-212', 'Aka', 'Matsuba']",,,,,['Aka Matsuba']
4304b6,8569604800824,Default Title,Default Title — 23A-304 Ginrin Chagoi,4640.0,False,https://www.champkoi.com/products/23a-304-ginrin-chagoi,Single_Koi,['Ginrin Chagoi'],https://cdn.shopify.com/s/files/1/0749/6132/2296/products/23A-304.jpg?v=1692557733,champkoi_data/4304b6_Default_Title_—_23A-304_Ginrin_Chagoi.jpg,"['Default', 'Title', '—', '23A-304', 'Ginrin', 'Chagoi']","['23A-304', 'Ginrin', 'Chagoi']",,,,,['Ginrin Chagoi']
e6a548,9117417537848,Default Title,Default Title — 24G-210 Kohaku,4640.0,True,https://www.champkoi.com/products/24g-210-kohaku,Single_Koi,['Kohaku'],https://cdn.shopify.com/s/files/1/0749/6132/2296/files/24G-210_d98d8ac4-8bc2-45a0-979d-5b34a7d28690.jpg?v=1712204925,champkoi_data/e6a548_Default_Title_—_24G-210_Kohaku.jpg,"['Default', 'Title', '—', '24G-210', 'Kohaku']","['24G-210', 'Kohaku']",,,,,['Kohaku']
e81197,9117417341240,Default Title,Default Title — 24G-209 Kohaku,4800.0,True,https://www.champkoi.com/products/24g-209-kohaku,Single_Koi,['Kohaku'],https://cdn.shopify.com/s/files/1/0749/6132/2296/files/24G-209_0292d4f0-a307-42ba-ad17-efa4d94b6e8d.jpg?v=1712204894,champkoi_data/e81197_Default_Title_—_24G-209_Kohaku.jpg,"['Default', 'Title', '—', '24G-209', 'Kohaku']","['24G-209', 'Kohaku']",,,,,['Kohaku']
0d95f1,9602478047544,Default Title,Default Title — 2024FALL-007 Doitsu Showa,4800.0,True,https://www.champkoi.com/products/2024fall-007,Presale_Koi,['Doitsu Showa'],https://cdn.shopify.com/s/files/1/0749/6132/2296/files/2024FALL-007_600x_f40448d2-0409-43eb-bf90-f29fce17bbb7.jpg?v=1728510839,champkoi_data/0d95f1_Default_Title_—_2024FALL-007_Doitsu_Showa.jpg,"['Default', 'Title', '—', '2024FALL-007', 'Doitsu', 'Showa']","['2024FALL-007', 'Doitsu', 'Showa']",,,,,['Doitsu Showa']
cee61a,9606416367928,Default Title,Default Title — 2024FALL-028 Ginrin Kohaku,4800.0,True,https://www.champkoi.com/products/2024fall-028,Presale_Koi,['Ginrin Kohaku'],https://cdn.shopify.com/s/files/1/0749/6132/2296/files/2024FALL-028_600x_6054351d-f9fa-4c54-9f1d-b2478d686789.jpg?v=1728861207,champkoi_data/cee61a_Default_Title_—_2024FALL-028_Ginrin_Kohaku.jpg,"['Default', 'Title', '—', '2024FALL-028', 'Ginrin', 'Kohaku']","['2024FALL-028', 'Ginrin', 'Kohaku']",,,,,['Ginrin Kohaku']
dd2d88,9610831987000,Default Title,Default Title — 2024FALL-073 Kin Showa,4800.0,True,https://www.champkoi.com/products/2024fall-073-kin-showa,Presale_Koi,['Kin Showa'],https://cdn.shopify.com/s/files/1/0749/6132/2296/files/2024FALL-073_600x_b5520079-4c17-43d8-aeb5-39ffff0fa1ca.jpg?v=1729233931,champkoi_data/dd2d88_Default_Title_—_2024FALL-073_Kin_Showa.jpg,"['Default', 'Title', '—', '2024FALL-073', 'Kin', 'Showa']","['2024FALL-073', 'Kin', 'Showa']",,,,,['Kin Showa']
173685,9624095981880,Default Title,Default Title — 2024FALL-166 Kogane Ochiba,4800.0,True,https://www.champkoi.com/products/2024fall-166-kogane-ochiba,Presale_Koi,['Kogane Ochiba'],https://cdn.shopify.com/s/files/1/0749/6132/2296/files/2024FALL-166_600x_6f0cf2a3-4062-4cde-9baf-d5b1fa78662a.jpg?v=1730445282,champkoi_data/173685_Default_Title_—_2024FALL-166_Kogane_Ochiba.jpg,"['Default', 'Title', '—', '2024FALL-166', 'Kogane', 'Ochiba']","['2024FALL-166', 'Kogane', 'Ochiba']",,,,,['Kogane Ochiba']
112c44,9624119968056,Default Title,Default Title — 2024FALL-178 Kumonryu,4800.0,True,https://www.champkoi.com/products/2024fall-178-kumonryu,Presale_Koi,['Kumonryu'],https://cdn.shopify.com/s/files/1/0749/6132/2296/files/2024FALL-178_600x_11be5c7b-2963-42a8-822d-4cdf0a3d5788.jpg?v=1730447996,champkoi_data/112c44_Default_Title_—_2024FALL-178_Kumonryu.jpg,"['Default', 'Title', '—', '2024FALL-178', 'Kumonryu']","['2024FALL-178', 'Kumonryu']",,,,,['Kumonryu']
8739ef,9638509871416,Default Title,Default Title — 2024FALL-188 Showa,4800.0,True,https://www.champkoi.com/products/2024fall-188-showa,Presale_Koi,['Showa'],https://cdn.shopify.com/s/files/1/0749/6132/2296/files/2024FALL-188_600x_e3ae53ac-6ebe-49f6-89ef-cf6e4e09de67.jpg?v=1731533249,champkoi_data/8739ef_Default_Title_—_2024FALL-188_Showa.jpg,"['Default', 'Title', '—', '2024FALL-188', 'Showa']","['2024FALL-188', 'Showa']",,,,,['Showa']
b6f815,9638510231864,Default Title,Default Title — 2024FALL-189 Showa,4800.0,True,https://www.champkoi.com/products/2024fall-189-showa,Presale_Koi,['Showa'],https://cdn.shopify.com/s/files/1/0749/6132/2296/files/2024FALL-189_600x_7860adfd-029a-4e4c-b787-6a264bffee9a.jpg?v=1731533288,champkoi_data/b6f815_Default_Title_—_2024FALL-189_Showa.jpg,"['Default', 'Title', '—', '2024FALL-189', 'Showa']","['2024FALL-189', 'Showa']",,,,,['Showa']
53783b,9877319516472,Default Title,Default Title — 25D-059 Karasugoi,4800.0,True,https://www.champkoi.com/products/25d-059-karasugoi,Single_Koi,['Karasugoi'],https://cdn.shopify.com/s/files/1/0749/6132/2296/files/25D-059_600x_6f8d5310-da6a-4167-98ce-b1b5a21db701.jpg?v=1745110309,champkoi_data/53783b_Default_Title_—_25D-059_Karasugoi.jpg,"['Default', 'Title', '—', '25D-059', 'Karasugoi']","['25D-059', 'Karasugoi']",,,,,['Karasugoi']
2f2299,9829168808248,Default Title,Default Title — 25B-010 Golden Corn,5800.0,True,https://www.champkoi.com/products/25b-010-golden-corn,Single_Koi,['Golden Corn'],https://cdn.shopify.com/s/files/1/0749/6132/2296/files/25B-010_600x_11207a61-96d2-47fa-a031-70483affed10.jpg?v=1741843820,champkoi_data/2f2299_Default_Title_—_25B-010_Golden_Corn.jpg,"['Default', 'Title', '—', '25B-010', 'Golden', 'Corn']","['25B-010', 'Golden', 'Corn']",,,,,['Golden Corn']
28dbe0,9829191614776,Default Title,Default Title — 25B-013 Golden Corn,5800.0,True,https://www.champkoi.com/products/25b-013-golden-corn,Single_Koi,['Golden Corn'],https://cdn.shopify.com/s/files/1/0749/6132/2296/files/25B-013_600x_8d79f11c-8652-4ddd-bf70-1b8bf60a35f2.jpg?v=1741844021,champkoi_data/28dbe0_Default_Title_—_25B-013_Golden_Corn.jpg,"['Default', 'Title', '—', '25B-013', 'Golden', 'Corn']","['25B-013', 'Golden', 'Corn']",,,,,['Golden Corn']
0db514,9876548682040,Default Title,Default Title — 25D-024 Kujaku,5800.0,True,https://www.champkoi.com/products/25d-024-kujaku,Single_Koi,['Kujaku'],https://cdn.shopify.com/s/files/1/0749/6132/2296/files/25D-024_600x_e65a9501-5626-42f1-bef4-b0755dfab714.jpg?v=1745004517,champkoi_data/0db514_Default_Title_—_25D-024_Kujaku.jpg,"['Default', 'Title', '—', '25D-024', 'Kujaku']","['25D-024', 'Kujaku']",,,,,['Kujaku']
79245b,9610889953592,Default Title,Default Title — 2024FALL-080 Mukashi Ogon,6800.0,True,https://www.champkoi.com/products/2024fall-080-mukashi-ogon,Presale_Koi,['Mukashi Ogon'],https://cdn.shopify.com/s/files/1/0749/6132/2296/files/2024FALL-080_600x_7a03e8bc-1dfe-488e-94c9-b3fd1eb9ad9e.jpg?v=1729235094,champkoi_data/79245b_Default_Title_—_2024FALL-080_Mukashi_Ogon.jpg,"['Default', 'Title', '—', '2024FALL-080', 'Mukashi', 'Ogon']","['2024FALL-080', 'Mukashi', 'Ogon']",,,,,['Mukashi Ogon']
5a5805,9876550025528,Default Title,Default Title — 25D-031 Tancho Showa,6800.0,True,https://www.champkoi.com/products/25d-031-tancho-showa,Single_Koi,['Tancho Showa'],https://cdn.shopify.com/s/files/1/0749/6132/2296/files/25D-031_600x_1c8d8fcc-7e41-42fa-a4a0-18459f511e59.jpg?v=1745004921,champkoi_data/5a5805_Default_Title_—_25D-031_Tancho_Showa.jpg,"['Default', 'Title', '—', '25D-031', 'Tancho', 'Showa']","['25D-031', 'Tancho', 'Showa']",,,,,['Tancho Showa']
18f755,8815742452024,"A: 32"" Female Kohaku [Nogami]","A: 32"" Female Kohaku [Nogami] — 2023FALL-109",14000.0,True,https://www.champkoi.com/products/2023fall-109,Presale_Koi,['Kohaku'],https://cdn.shopify.com/s/files/1/0749/6132/2296/products/2023FALL-109.jpg?v=1698409722,champkoi_data/18f755_A_32_Female_Kohaku_[Nogami]_—_2023FALL-109.jpg,"['A:', '32""', 'Female', 'Kohaku', '[Nogami]', '—', '2023FALL-109']","['32""', 'Female', 'Kohaku', '[Nogami]', '2023FALL-109']",,"32""",Female,Nogami,['Kohaku']
52e490,9616299753784,Default Title,Default Title — 2024FALL-127 Yellow Mukashi Ogon,14000.0,True,https://www.champkoi.com/products/2024fall-127-yellow-mukashi-ogon,Presale_Koi,['Yellow Mukashi Ogon'],https://cdn.shopify.com/s/files/1/0749/6132/2296/files/2024FALL-127_600x_5218805b-d784-4f58-9808-fc0c48e8f1c2.jpg?v=1729776087,champkoi_data/52e490_Default_Title_—_2024FALL-127_Yellow_Mukashi_Ogon.jpg,"['Default', 'Title', '—', '2024FALL-127', 'Yellow', 'Mukashi', 'Ogon']","['2024FALL-127', 'Yellow', 'Mukashi', 'Ogon']",,,,,['Yellow Mukashi Ogon']
